-- phpMyAdmin SQL Dump
-- version 5.2.0
-- https://www.phpmyadmin.net/
--
-- Host: localhost
-- Generation Time: Oct 08, 2024 at 02:29 PM
-- Server version: 10.4.27-MariaDB
-- PHP Version: 8.1.12

SET SQL_MODE = "NO_AUTO_VALUE_ON_ZERO";
START TRANSACTION;
SET time_zone = "+00:00";


/*!40101 SET @OLD_CHARACTER_SET_CLIENT=@@CHARACTER_SET_CLIENT */;
/*!40101 SET @OLD_CHARACTER_SET_RESULTS=@@CHARACTER_SET_RESULTS */;
/*!40101 SET @OLD_COLLATION_CONNECTION=@@COLLATION_CONNECTION */;
/*!40101 SET NAMES utf8mb4 */;

--
-- Database: `success_rating`
--

-- --------------------------------------------------------

--
-- Table structure for table `activations`
--

CREATE TABLE `activations` (
  `id` int(10) UNSIGNED NOT NULL,
  `user_id` int(10) UNSIGNED NOT NULL,
  `code` varchar(255) NOT NULL,
  `completed` tinyint(1) NOT NULL DEFAULT 0,
  `completed_at` timestamp NULL DEFAULT NULL,
  `created_at` timestamp NULL DEFAULT NULL,
  `updated_at` timestamp NULL DEFAULT NULL
) ENGINE=InnoDB DEFAULT CHARSET=utf8mb4 COLLATE=utf8mb4_unicode_ci;

--
-- Dumping data for table `activations`
--

INSERT INTO `activations` (`id`, `user_id`, `code`, `completed`, `completed_at`, `created_at`, `updated_at`) VALUES
(1, 1, 'jzB8mUxv7YRathRKNITrRJE5PPUTSysj', 1, '2023-11-27 10:48:07', '2023-11-27 10:48:07', '2023-11-27 10:48:07'),
(2, 2, 'vf1NssTp7N4pEh5OYvEF4UrT39zSV6TK', 1, '2024-02-22 14:30:08', '2024-02-22 14:30:08', '2024-02-22 14:30:08'),
(3, 3, 'vAOGTrbUJdZB10jVZzQGTF4qaVqcKKIv', 1, '2024-05-05 06:47:36', '2024-05-05 06:47:36', '2024-05-05 06:47:36'),
(4, 4, 'Hdu2ea9LK9vI5COSH2KNVe8GK8B991q6', 1, '2024-05-20 16:07:45', '2024-05-20 16:07:45', '2024-05-20 16:07:45'),
(5, 6, 'lt96bfPRcjcYiqDKYeBcNXVPQYGWm7pr', 1, '2024-06-13 13:05:28', '2024-06-13 13:05:28', '2024-06-13 13:05:28'),
(6, 7, 'IvyVDLDfxwMKsoKMSKriRwmi77upUe1w', 1, '2024-06-24 16:31:11', '2024-06-24 16:31:11', '2024-06-24 16:31:11'),
(7, 8, '15CCiXEpVTtbYCwlWakTUkOUQZsGKe62', 1, '2024-07-29 20:31:49', '2024-07-29 20:31:49', '2024-07-29 20:31:49'),
(8, 9, 'QJ54PLjfvHuBZj7xdKhk7P7pj6d8zWYM', 1, '2024-08-05 12:33:12', '2024-08-05 12:33:12', '2024-08-05 12:33:12'),
(9, 10, 'x4v2kVOKJLCy5MH4kjfPxRXcbe01tnsW', 1, '2024-08-07 18:44:13', '2024-08-07 18:44:13', '2024-08-07 18:44:13'),
(10, 12, 'oqqSZKISQH0opMOwc6Q36dB0rPiFj9Gt', 1, '2024-08-07 19:01:18', '2024-08-07 19:01:18', '2024-08-07 19:01:18'),
(11, 14, 'cFwbKisnPPp6ERP9m8a8MDbuUSdld65A', 1, '2024-08-16 21:32:41', '2024-08-16 21:32:41', '2024-08-16 21:32:41'),
(12, 15, 'CEv1yjzYJkCNr6rpXGHIhx8J1bc9xP5F', 1, '2024-08-17 12:32:43', '2024-08-17 12:32:43', '2024-08-17 12:32:43'),
(13, 16, 'FoUSls7Lpi9WgFf207PMMB7lbpaQPzBp', 1, '2024-08-17 12:33:24', '2024-08-17 12:33:24', '2024-08-17 12:33:24'),
(14, 17, '0IUV3Iye4GCE7CBj3FUJZpTj9GtRprtH', 1, '2024-08-17 12:34:01', '2024-08-17 12:34:01', '2024-08-17 12:34:01');

-- --------------------------------------------------------

--
-- Table structure for table `businesses`
--

CREATE TABLE `businesses` (
  `id` int(10) UNSIGNED NOT NULL,
  `job` varchar(255) DEFAULT NULL,
  `business_name` varchar(255) NOT NULL,
  `business_title` varchar(255) DEFAULT NULL,
  `business_registration` varchar(255) DEFAULT NULL,
  `category_id` bigint(20) UNSIGNED NOT NULL,
  `country_id` bigint(20) UNSIGNED NOT NULL,
  `business_email` varchar(255) DEFAULT NULL,
  `business_phone` int(11) DEFAULT NULL,
  `user_id` int(10) UNSIGNED DEFAULT NULL,
  `status` int(11) NOT NULL DEFAULT 0,
  `claim` int(11) NOT NULL DEFAULT 0,
  `verify` int(11) NOT NULL DEFAULT 0,
  `transfer` int(11) NOT NULL DEFAULT 0,
  `display` int(11) NOT NULL DEFAULT 0,
  `account` int(11) DEFAULT NULL,
  `headquarters` varchar(255) DEFAULT NULL,
  `website` varchar(255) DEFAULT NULL,
  `slogan` text DEFAULT NULL,
  `logo` varchar(255) DEFAULT NULL,
  `description` text DEFAULT NULL,
  `letter` varchar(255) DEFAULT NULL,
  `business_licence` varchar(255) DEFAULT NULL,
  `company_reg` varchar(255) DEFAULT NULL,
  `total_review` int(11) NOT NULL DEFAULT 0,
  `total_rating` varchar(255) NOT NULL DEFAULT '0',
  `deleted_at` timestamp NULL DEFAULT NULL,
  `created_at` timestamp NULL DEFAULT NULL,
  `updated_at` timestamp NULL DEFAULT NULL
) ENGINE=InnoDB DEFAULT CHARSET=utf8mb4 COLLATE=utf8mb4_unicode_ci;

--
-- Dumping data for table `businesses`
--

INSERT INTO `businesses` (`id`, `job`, `business_name`, `business_title`, `business_registration`, `category_id`, `country_id`, `business_email`, `business_phone`, `user_id`, `status`, `claim`, `verify`, `transfer`, `display`, `account`, `headquarters`, `website`, `slogan`, `logo`, `description`, `letter`, `business_licence`, `company_reg`, `total_review`, `total_rating`, `deleted_at`, `created_at`, `updated_at`) VALUES
(1, 'Managing Director', 'Airtel Tanzania', 'Airtel Tanzania', '567890', 1, 216, 'teawithmirry@gmail.com', 785328975, 10, 1, 1, 0, 0, 1, NULL, 'Dar es Salaam, Tanzania', NULL, NULL, '20230605174850.png', 'Kampuni ya Airtel hutoa huduma za mawasiliano ikiwemo huduma ya simu za sauti, kutuma jumbe na huduma za Internet.\r\n\r\ndjnsjkdsnjnvnkjds djbvjbdjvkjvbd jdbvjdjjvdb djjbvjdsjbjvdv jdsbjbdjvjsbdv vdjsjbnjvs dsvjbjdjvsd dsjvbjkjsd dsjbvjkbksvd \r\n\r\ndsbjdsbv dsvjbjdvsjv dsjvbjbvjds dsvjnjksdv', '20240816153803.png', '20240816153803.png', '20240816153803.png', 4, '4', NULL, '2024-02-22 14:20:05', '2024-08-16 20:38:03'),
(2, NULL, 'NMB Tanzania', NULL, NULL, 3, 216, NULL, NULL, NULL, 1, 0, 0, 0, 1, NULL, 'Dar es Salaam, Tanzania', NULL, NULL, '20240222082125.png', 'dsdsvdvdsv. dfdgdffggdf. fdfgddbcbf xdvdsdvvs drgfggf. sdgdsgdgdg dsgdgdggfd dsdfddfsdf dsggdsgdsgd xgdggsgdsgdsg dgdsgdgdsg ddsgdgdgsgds sdfgsfffsaf dgrgdfgsddgds\r\n\r\nsaffasfff bdsbfddbbb fasfzfdsfsfs sdfdvsvsdvvdsv sdvvdsvsdvdv zscsacscac szcvsdcvscsca vdvvdsvdvdsv zvdsvvdvdsv zvdsddvsv vdvsvvdvdvv zvsdzdvvxv', NULL, NULL, NULL, 0, '0', NULL, '2024-02-22 14:21:25', '2024-02-22 14:21:25'),
(3, NULL, 'Shoppers Supermarket', NULL, NULL, 6, 216, NULL, NULL, NULL, 1, 0, 0, 0, 1, NULL, 'Dar es Salaam, Tanzania', NULL, NULL, '20240222082215.png', 'dfxbfdbcx xfbdfbfdbfdb. xbdbfdbfdbffdfbdffdf kcndskcns sjkxnsjckd jsdanjdsncdkjc sajkdnkjscnakjnsc sjcanjkncjkcsan kjsacnnjknsanckjcns sjkcanjnksanc sjcanknksacn ksjacnkacnkscn sajcnkjnkcas\r\n\r\naskkcsakncskan sacjbncajscnkjcsa sacjknjakscnskjc sacjnsajkcbnkjscdn scajcbnjcnasjkc scjanjksanckjscn', NULL, NULL, NULL, 0, '0', NULL, '2024-02-22 14:22:15', '2024-02-22 14:22:15'),
(4, NULL, 'KFC', NULL, NULL, 4, 216, NULL, NULL, NULL, 1, 0, 0, 0, 1, NULL, 'United States of America', NULL, 'It\'s finger licking good!', '20240222082337.png', 'ksnncnkcnsa dsnvbsbdjsd djsvdjsbndkjv sdjvbnsjdvjvn dsvjbnjsdnvjkv sdbcnvjndsj sdnjndvs dsjvnjknvdjs sdjvnjsdvndsj sdvjknkdjvn sdjknsdkjvnkdv sdvkndskvnkd sdvknkjdvsk dscjknkdsvnk sdvknknds ksafncksd scknksc scknsdknksd sdjkcnjknsckja scjnjknsc', NULL, NULL, NULL, 2, '2', NULL, '2024-02-22 14:23:37', '2024-02-24 04:42:55'),
(5, 'Manager', 'Simba Cement', 'Simba Cement', '9876545678', 5, 216, 'simba@test.com', NULL, 10, 1, 1, 1, 1, 1, NULL, 'Dar es Salaam,Tanzania', NULL, 'Strength Within', '20240222082438.png', 'kjsancnc scjnjsnjkcn scbsjbdjb sjcbjbsdjbcx sdcjbjdsbjkcx sdjvbjvbdv dsvbxjbdsjbc sjcbjbjdsc sjcbjsbsjcb scajcbjbsc jsahjscac sjcabjsbac jsajbs', '', '', '', 0, '0', NULL, '2024-02-22 14:24:38', '2024-09-21 13:46:56'),
(6, 'MD', 'MAC Cosmetics', 'MAC Cosmetics', NULL, 2, 216, 'teawithmirry@gmail.com', NULL, 14, 1, 1, 0, 0, 1, NULL, 'United States of America', NULL, NULL, '20240222082524.png', 'jdnsdsjkjndvj djvsbjbjdskvjd jdvbsjkvbjkds jdvnkjnvdjvndsnv djvsnjknvdskjvnds jdsnjknkjdnvnjds dsjkvnjkvdnskjv jdsnvjkvnvkjdvsn dsjkvnjksvjkdsv \r\n\r\ndsivjvjlksdnv dskvnkdvnkvd dsvknklkdvs dksvnknkdsv vdknkvdsn', '20240816154442.png', '20240816154442.png', '20240816154442.png', 0, '0', NULL, '2024-02-22 14:25:24', '2024-08-16 20:44:42'),
(7, NULL, 'Web Corporation Limited', NULL, NULL, 1, 216, 'info@webcorporation.co.tz', 658244499, NULL, 1, 0, 0, 0, 1, NULL, 'Dar es salaa,', 'www.webcorporation.co,tz', NULL, '20240525102935.jpg', 'Web Technologies Tanzania Limited is Information Technology Company that specializes in the provision of cost effective Information management systems. We focus on delivering high-impact solutions that incorporate customized functionality specific to the project requirements. The combination of thorough process, comprehensive experience and expansive creative vision enables us to create solutions that are innovative, usable and reliable stablished in response to the growing market demand for high quality Innovative solutions at affordable prices. Our commitment to r', NULL, NULL, NULL, 5, '3.4', NULL, '2024-05-25 15:29:35', '2024-06-11 23:35:38'),
(8, NULL, 'Milo electronics', NULL, 'tc 5688', 25, 216, 'miriam@gmail.com', 755640633, NULL, 1, 0, 0, 0, 1, NULL, 'Dar es salaam', 'padington.co.tz', 'Kazi kazi', '', 'zsfghdjfkgl xfgchvjbnm. sgfdchjvkbln sgdhfjgkh rwteyrutiyoup gfsdhfjgkhll fsgdhfjgkhl wrteyrutiyoup fsgdhjfkglh sfgdhfjkghl srdtyfugihojpo fcsgdhfjgkln; adsfdfgh adfsghdjfkgh adfsdfghj fsghdjfkghl ghjkvbln sfgdhjklj rteyrutiyopu sfgdhfjkgh dsfghjkl rwteyuritoyp sfdgdfgh sgfdhfjkg sgfhdjfg sgfhdjfklgo agfshdfiog sfdgfhgj fdsdyfuig fadsgdhfjgkk afgsdfhjgk afgsgdhfjgkl afgsdhfjkgl afgsdhfjk afgsdhfjgk afsgdhfgjk fsghdjfgkl fgsdfg afgshdjfkg fsgdhfjgk afsgdhfjgk afdsgdhfjkg fsgdfdghjfkgl agfshdjfjgk', NULL, NULL, NULL, 0, '0', NULL, '2024-06-11 23:44:26', '2024-06-11 23:44:26'),
(9, NULL, 'Diamond Trust Bank Group', NULL, 'Active', 3, 216, 'customer@diamongtrust.co.tz', 222114892, NULL, 1, 0, 0, 0, 1, NULL, 'Dar es salaam', 'www.diam.co.tz', 'Innovatiuve Bank', '20240703132710.png', 'Diamond Trust Bank (DTB) has been widely considered the fastest growing bank in the country over the last decade. DTB was the 4th largest bank in terms of \r\nDiamond Trust Bank (DTB) has been widely considered the fastest growing bank in the country over the last decade. DTB was the 4th largest bank in terms ofDiamond Trust Bank (DTB) has been widely considered the fastest growing bank in the country over the last decade. DTB was the 4th largest bank in terms ofDiamond Trust Bank (DTB) has been widely considered the fastest growing bank in the country over the last decade. DTB was the 4th largest bank in terms of', NULL, NULL, NULL, 0, '0', NULL, '2024-06-24 16:43:39', '2024-07-03 18:27:11'),
(10, NULL, 'Airtel Tanzania', NULL, 'Airtel Center Plot No. 16, Udyog Vihar, Phase-IV, Gurugram – 122015, India Tel. No.: +91-124-4222222 Fax No.: +91-124-4248063', 1, 216, 'helpdesk@airtel.co.tz', 784103101, NULL, 1, 0, 0, 0, 1, NULL, 'Dar es Salaam Tanzania, Morocco', 'www..airtel.com', 'The smartphone Network', '', 'Airtel is a global communications solutions provider with over 500 Mn customers in 17 countries across South Asia and Africa. The company ranks amongst the top three mobile operators globally and its networks cover over two billion people. Airtel is India’s largest integrated communications solutions provider and the second largest mobile operator in Africa. Airtel’s retail portfolio includes high speed 4G/5G mobile broadband, Airtel Xstream Fiber that promises speeds up to 1 Gbps with convergence across linear and on-demand entertainment, streaming services spanning music and video, digital payments and financial services. For enterprise customers, Airtel offers a gamut of solutions that includes secure connectivity, cloud and data centre services, cyber security, IoT, Ad Tech and cloud based communication.', NULL, NULL, NULL, 0, '0', NULL, '2024-06-30 13:04:42', '2024-06-30 13:27:44'),
(11, NULL, 'Tigo', NULL, 'Active', 1, 216, 'customercare@tigo.co.tz', 713123103, NULL, 1, 0, 0, 0, 1, NULL, 'Dar es Salaam-Tanzania, Formally, new Bagamoyo road, now is located at Sinza Kivulini.', 'www.tigo.co.tz', 'Live it, Love it', '20240630085826.png', 'Tigo Tanzania is the leading innovative telecommunication company in the country, distinguished as a fully-fledged digital lifestyle brand. At Tigo, creating positive change is part of our DNA as we bring the digital lifestyle to our customers and communities. We take our responsibilities to the countries and communities in which we work very seriously and strive to deliver positive social impact in our communities.\r\nTigo Tanzania has several initiatives planned to reach more women in the country. One such initiative is the Connected Women/Dreams project in partnership with JHPIEGO an “international non-profit health organization affiliated with Johns Hopkins University”. The main objectives of this initiative is to empower women and girls through financial and digital inclusion, women are empowered to own mobile phones and begin to use TigoPesa and able to manage their own finances. It is through this and other initiatives that we are excited to have increased the proportion of women in our mobile money customer base by 2% since signing our commitment and we move closer to realizing our 2020 target.', NULL, NULL, NULL, 0, '0', NULL, '2024-06-30 13:58:26', '2024-06-30 13:58:26'),
(12, NULL, 'Vodacom Tanzania', NULL, 'Active', 1, 216, 'customercare@vodacom.co.tz', 754705000, NULL, 1, 0, 0, 0, 1, NULL, '15th Floor Vodacom Tower, Ursino Estate Plot 23, Old Bagamoyo Road, P.O. Box 2369 Dar es Salaam', 'www.vodacom.co.tz', 'The future is exciting', '', 'Vodacom Tanzania Public Limited Company (‘Vodacom Tanzania’) is committed to the highest standards of business integrity, ethics and professionalism. Corporate governance principles include discipline, independence, responsibility, fairness, social responsibility, transparency and the accountability of directors to all stakeholders. These principles are entrenched in Vodacom Tanzania’s internal controls and policy procedures governing corporate conduct and are aligned with the Capital Markets and Securities Authority’s guidelines on corporate governance practices by public listed companies in Tanzania.', NULL, NULL, NULL, 0, '0', NULL, '2024-06-30 14:29:19', '2024-06-30 14:29:19'),
(13, NULL, 'zantel tanzania', NULL, '-', 1, 216, 'customerservice@zantel.co.tz', 775000001, NULL, 1, 0, 0, 0, 1, NULL, 'Dar es Salaam-Tanzania, Formally, new Bagamoyo road, now is located at Sinza Kivulini.', 'www.zantel.co.tz', '\"part of et salat \"', '20240630095929.png', 'The Zantel story is one of investment, one of innovation, one of potential award-winning customer service. But, above all, it is one of growth and the ability to deliver the tremendous benefits of mobile communications in Tanzania. With roots going back to 1999, Zanzibar Telecom Ltd. became a joint venture between The government of Zanzibar 18% Emirates Telecommunications Corporation (ETISALAT) 65% Meeco International of Tanzania 17% Zanzibar Telecom Ltd was launched on 19th July 1999. However, Zantels commercial operations commenced a month later in the month of August 1999. With its own international gateway, Zantel offers International communication service at extremely competitive rates. Zantel shareholders include Emirates Telecommunication Corporation (ETISALAT), the Government of Zanzibar, the Kintbury Investments of the Channel Islands and MEECO International of Tanzania According to Wireless Intelligence June 2007, Zantel is the fastest growing operator in the region.Zantel has its own international gateway and was the first to reduce rates on international calls by 60%. Zantel was the first to introduce wireless internet in Tanzania Zantel was the first to introduce per second billing in Tanzania Zantel offers Internet and High Speed Data Network in Dar es Salaam and Zanzibar enabling customers to browse the Internet and access business applications such as Internet based e-mail accounts Zantel has recorded tremendous growth upon introduction of its services in the Tanzania Mainland Zantel is a total communication company offering fixed, mobile and data servicesZantel is a good corporate citizen and has been at the forefront in supporting various initiatives, especially education and sports Zantel\'s diverse clientele includes the personal customer to the public and private companies, including other operators.', NULL, NULL, NULL, 0, '0', NULL, '2024-06-30 14:59:30', '2024-06-30 14:59:30'),
(14, NULL, 'Halotel tanzania', NULL, 'Active', 1, 216, 'infor@halotel.co.tz', 622100100, NULL, 1, 0, 0, 0, 1, NULL, 'Dar es salaam, New Bagamoyo road', 'www.halotel.co.tz', 'Together for the Better', '20240630113448.jpg', 'Viettel Tanzania Public Limited Company, trading as Halotel, is a mobile communications company, providing voice, messaging, data and communication services in Tanzania. It is owned by Viettel Global JS which is the state-owned Investment Company from Vietnam investing in the Telecommunications market in several countries worldwide. It has invested up to $1 Billion into the Tanzania\'s telecommunications market.\r\nThe Company was the first company in Tanzania allowed to lay its own fiber optic cable and has placed over 18,000 km of optic fiber, providing all 26 regions of Tanzania with telecommunication services.', NULL, NULL, NULL, 0, '0', NULL, '2024-06-30 16:34:48', '2024-06-30 16:34:48'),
(15, NULL, 'Smart network Tanzania', NULL, '-', 1, 216, 'tz@smartafrica.com', 798798798, NULL, 1, 0, 0, 0, 1, NULL, 'P.OBOX 78914,Tanzania-Dar es salaam-Mikocheni.', 'www.smartnetworkss.com', 'stand out', '20240703082944.png', 'mart networks are defined as self-contained systems that reduce the workforce, are economically efficient, aim to provide high quality and safety, transfer energy from source to consumption in the most appropriate and sustainable way, provide integration and are self-sufficient.\r\nntelligent Network technology consists of remotely manageable and automatically adjusting broadband nodes and amplifiers, as well as their management software. They have been designed to help operators improve quality of service while keeping operational cost in control.', NULL, NULL, NULL, 0, '0', NULL, '2024-06-30 17:28:12', '2024-07-03 13:29:44'),
(16, NULL, 'Zuku internet', NULL, 'Active', 1, 216, 'support@zukufiber.co.tz', 699990300, NULL, 1, 0, 0, 0, 1, NULL, 'Dar es salaam-Tanzania, Oster bay.', 'www.zuku.co.tz', 'Excite your Senses', '20240703081339.png', 'Zuku is a homegrown East African brand under Wananchi Group, established with the aim of making quality home entertainment and communication services accessible to a rapidly growing, choice conscious African middle class. Zuku TV services have been successfully launched in Kenya, Tanzania, Uganda, Malawi and most recently Zambia with aggressive plans to roll out to more countries in the near future.\r\nWananchi Group is the leading business providing affordable entertainment and connectivity for the rapidly growing middle class in Sub-saharan Africa. The group is revolutionizing the communications space though the delivery of innovative, value for money entertainment and broadband internet services in a manner that inspires and delights our residential and business customers.', NULL, NULL, NULL, 0, '0', NULL, '2024-06-30 19:09:01', '2024-07-03 13:13:39'),
(17, NULL, 'Korona House', NULL, 'Reg: 05179829', 4, 216, 'room@koronahouse.com', 687666808, NULL, 1, 0, 0, 0, 1, NULL, 'Njiro Area, Arusha – Tanzania – East Africa, 8Km from Arusha City Centre and 800 metres off the brand new Arusha Bypass – East African Road on the Njiro Road.', 'www.koronahouse.com', '“Small is Beautiful “', '20240703121522.jpg', 'KORONA HOUSE- Lives to the saying “Small is Beautiful “and indeed we are a small guest house in an African style setting and décor. Each room has a unique interior design that depicts the African art & Tinga-Tinga paints. Our Food and staff are locally sourced and hand-picked to create the uniqueness and personal attention that would go missing in many large entity accommodations in comparison. Our Dishes are popular for Breakfast and Dinners, yet we boast of the best Safari Picnic Lunches. We take care of special diets. Our Room and Bed arrangements do take care of Guests with families, Twin shares, Triple rooms and Queen Size Beds that can be converted to Single occupant’s rooms. Room Comes with: -Free Use of Swimming pool (Kids and Adults next door) -Full American Type Buffet Breakfast (special diets on request) -Seating area, working desk, flat screen TV with satellite channels, -Tea/ Coffee making facilities (on request) -Private High-pressure Hot/Cold shower -All Toiletries: towels, hairdryer, shampoo, Gel, rubber slippers and toothpaste. -In-House Bar and Dinning area -Free Baggage Storage between Safari and Climbs (Just to mention a few) KARIBU KORONA HOUSE.', NULL, NULL, NULL, 0, '0', NULL, '2024-07-03 17:15:22', '2024-07-03 17:15:22'),
(18, NULL, 'Kibo Palace Hotel', NULL, 'Malaysia Travel Licence No. KPK 8269, Suite 6-04A, Level 6', 4, 216, 'sales@kibopalacehotel.com', 753036444, NULL, 1, 0, 0, 0, 1, NULL, 'P. O. BOX 2523, KIBO PALACE HOTEL ARUSHA, NYERERE ROAD, ARUSHA, TANZANIA', 'https://kibopalacehotel.com/kibo-palace-hotel-arusha', 'Home of luxury', '20240703125520.jpg', 'Named after the highest peak of Africa’s highest mountain – Mt Kilimanjaro, Kibo Palace Hotel is one of Arusha’s most exciting and innovative luxury hotels. Contemporary, conductive, and unconventional, a luxury hotel with a new attitude. The hotel is strategically located 45 minutes drive from Kilimanjaro Airport and a 10-minute walk to the central business district. Banking and hospital facilities are all within 50 meters radius of the hotel. The architectural design gives the hotel an authentic character of its own.', NULL, NULL, NULL, 0, '0', NULL, '2024-07-03 17:55:20', '2024-07-03 17:55:20'),
(19, NULL, 'The African Tulip', NULL, 'Malaysia Travel Licence No. KPK 8269, Suite 6-04A, Level 6.', 4, 216, 'info@theafricantulip.co.tz', 699799873, NULL, 1, 0, 0, 0, 1, NULL, 'Serengeti Rd, Arusha', 'http://www.theafricantulip.', 'Luxury Boutique Hotel', '20240703141211.png', 'The African Tulip is an elegant, charming boutique hotel located in a leafy suburb of Arusha, Tanzania’s safari capital! This well-appointed hotel is complemented by a team of dedicated staff members who are there to ensure that our visitors truly enjoy the African Tulip hospitality.\r\nTanzania’s rich cultural and wilderness diversity helped shape the decor that is presented throughout this hotel. Over the years, this hotel has earned a reputation of excellence in service delivery and remains a favorite choice for guests on business or leisure travel. You are invited! Karibu sana!', NULL, NULL, NULL, 0, '0', NULL, '2024-07-03 19:12:11', '2024-07-03 19:12:11'),
(20, NULL, 'Osy Grand Hotel', NULL, 'Registered in England and Wales, number: 07553857.', 4, 216, 'info@osygrandhotel.com', 754421220, NULL, 1, 0, 0, 0, 1, NULL, 'Riadha St, opp Akiba Commercial Bank PO Box 8206 Moshi, Tanzania 0255', 'www.osygrandhotel.com', 'Osy Grand Hotel', '20240707083153.jpg', 'Making reservations for Osy Grand Hotel on this website is a secure and straightforward process. To check the nightly rates of Osy Grand Hotel, simply begin by selecting the desired dates/length of stay and click the \"Check Rates\" button. Comparison and decisions can then be made with the display of pricing information for each style of guest room. Information regarding room features and amenities is provided in the center of the screen. Having made the decision for dates, room style, and rates, simply locate and click on the \"Book Now\" button on the right hand side of the screen.', NULL, NULL, NULL, 0, '0', NULL, '2024-07-07 13:31:53', '2024-07-07 13:31:53'),
(21, NULL, 'Absa Bank Tanzania Limited', NULL, '(registered number 38557).', 3, 216, 'talktous@absa.co.tz', 746882000, NULL, 1, 0, 0, 0, 1, NULL, 'Absa Bank Tanzania Ltd Head Office: Absa House Ohio Alli Hassan Mwinyi Road  PO Box 5137 Dar es Salaam', 'www.absa.co.tz', 'Empowering Africa’s tomorrow, together … one.', '20240709094153.png', 'Absa Bank Tanzania Limited is part of Absa Group Limited, an African financial services group that aims to be the pride of the continent. Absa Group Limited is listed on the JSE in South Africa and is one of Africa’s largest diversified financial services groups with a presence in 12 countries across the continent and around 42, 000 employees.\r\n\r\nWe’re committed to finding local solutions to uniquely local challenges and everything we do is focused on adding value. To this end, we offer our clients a range of retail, business, corporate and investment, and wealth management solutions. We also ensure a positive impact in all the countries where we operate.', NULL, NULL, NULL, 0, '0', NULL, '2024-07-09 14:41:53', '2024-07-09 14:41:53'),
(22, NULL, 'Akiba Commercial Bank', NULL, 'Active', 3, 216, 'info@acbtz.com', 222118340, NULL, 1, 0, 0, 0, 1, NULL, 'Head Office: Ohio Street dar es Salaam', 'www.acbbank.co.tz', 'Bank for your Development', '20240709095324.png', 'Akiba Commercial Bank Plc commenced banking operations in August 1997 as an initiative of over 300 Tanzanian entrepreneurs who were inspired to move into micro-finance, by the moral and economical concern for the plight of millions of Tanzanians.\r\n\r\nThese founding members were bound together by a strong conviction that in Akiba Commercial Bank Plc they will have the vehicle through which they would reach and help transform the lives of previously unbanked and commercially ill-equipped people around the country. The bank’s essence was to support the emergence of start-up Tanzanian businesses through the provision of financial services at all levels by a Tanzanian-owned commercial bank which understood the people it aimed to serve and was committed to. This was the original, very firm and deep-rooted mission of its founding members.\r\n\r\nAkiba’s main target markets were small and medium sized entrepreneurs, companies, and community banks. Today Akiba has expanded its services beyond Dar es Salaam successfully establishing itself as a strong presence in the Tanzanian banking sector which has one of the highest numbers of banks in Africa. Akiba has also broadened its reach enabling it to provide financial services to customers of all levels including college and university students, entire families, homeowners, business owners, as well as private operations.', NULL, NULL, NULL, 0, '0', NULL, '2024-07-09 14:53:24', '2024-07-09 14:53:24'),
(23, NULL, 'Amana Bank', NULL, 'AMANA BANK LIMITED is an active company registered in Tanzania *, United Republic of. It is identified by the legal entity identifier (LEI) 558600UQSR3TWPBFD068.', 3, 216, 'info@amanabank.co.tz', 659075000, NULL, 1, 0, 0, 0, 1, NULL, 'HEAD OFFICE Ohio Street Golden Jubilee Tower, 2nd Floor P.O. Box 9771, Dar-es-Salaam, Tanzania Tell: +255 659 075 000 (Head office only)', 'www.amanabank.co.tz', 'The first Islamic Bank in Tanzania.', '20240709100917.png', 'Amana Bank is the Tanzania\'s first & fully fledged Islamic Bank established on October 2009 when a group of prominent Tanzanian business personalities met and set in motion the establishment of an Islamic bank.\r\nAmana Mobile Banking is a service that allows you to do various transactions and fulfil your banking needs using your mobile phone. It gives you the convenience of banking whenever and wherever you are. Besides being secure and private, it is extremely convenient and easy to use. You can access your account wherever there is a telephone: from your home, your office, or even from your car.\r\nAmana Mobile Banking service lets you access your account information, perform your transactions, pay bills, transfer funds, request cheque book and buy airtime.', NULL, NULL, NULL, 0, '0', NULL, '2024-07-09 15:09:17', '2024-07-09 15:09:17'),
(24, NULL, 'Crdb Bank', NULL, 'Active', 3, 216, 'info@crdbbank.co.tz', 755197700, NULL, 1, 0, 0, 0, 1, NULL, 'CRDB Bank Head Office  Ali Hassan Mwinyi Road P.O Box 268 Dar es Salaam, Tanzania', 'www.crdbbank.co.tz', 'The Bank that listens', '20240709102750.png', 'The bank was founded in 1996, as Cooperative Rural Development Bank (CRDB) of Tanzania, following the privatization of state-owned firms by the Tanzanian government. In 1996 the Danish International Development Agency (DANIDA) acquired a 30 percent ownership stake in the bank.To transform lives through financial sector innovation, intuitive action and sustainable business. To be the leading Bank, which is customer needs driven with competitive returns to shareholders.\r\nWe’re committed to driving finance beyond banking – for good.', NULL, NULL, NULL, 0, '0', NULL, '2024-07-09 15:27:50', '2024-07-09 15:27:50'),
(25, NULL, 'National Microfinance Bank', NULL, 'Active', 3, 216, 'tuambie@nmbbank.co.tz', 222322000, NULL, 1, 0, 0, 0, 1, NULL, 'Ohio Street/Ali Hassan Mwinyi Road  P.O. Box 9213  Dar es Salaam, Tanzania', 'www.nmbbank.co.tz', 'Close to you', '20240709104213.jpg', '(“NMB”) is a full-service commercial bank incorporated in the United Republic of Tanzania. Through its 3 main business divisions: Retail, Wholesale, and Treasury, NMB provides a suite of financial services and products to retail customers, farmers, SMEs, Corporates, Institutions and the Government.\r\nThe bank has 226 branches, over 8,000 Agents (Wakala) and more than 800 ATMs across the country and is represented in all districts of Tanzania. NMB has over 4 million customers and employs over 3,450 staff.', NULL, NULL, NULL, 0, '0', NULL, '2024-07-09 15:42:13', '2024-07-09 15:42:13'),
(26, NULL, 'Finca Microfinance Bank', NULL, 'Active', 3, 216, 'info@finca.co.tz', 755980350, NULL, 1, 0, 0, 0, 1, NULL, 'Bagamoyo Road, Plot No.34/1, 8th Floor, TAN House, Victoria Area P. O. Box 78783 – Dar Es Salaam, Tanzania', 'www.finca.co.tz', 'A place where you get to finance your dreams', '20240709111832.jpg', 'FINCA International is a non-profit, microfinance organization, founded by John Hatch in 1984. FINCA is the innovator of the village banking methodology in microcredit and is widely regarded as one of the pioneers of modern-day microfinance.\r\nFINCA Microfinance Bank Tanzania offers access to basic financial resources that can change one\'s life, sustain communities and fight poverty enabling the low income entrepreneurs, small business owners and other public individuals ta have what it takes to grow and attain their dreams.', NULL, NULL, NULL, 0, '0', NULL, '2024-07-09 16:18:32', '2024-07-09 16:18:32'),
(27, NULL, 'Petsville', NULL, 'Active', 6, 216, 'info@petsville.co.tz', 688654321, NULL, 1, 0, 0, 0, 1, NULL, '· Pet Supplies · House no. 2, Chole Road, Masaki, Daressalaam, Tanzania,', 'www.petsville.co.tz', 'Grand Moving Sales', '20240709135845.jpg', 'Petsville was started by A.M. Rajani in 2012. Mr Rajani, with his love for pets and recognition that there was a need for a pet product supplier with a focus on quality products and affordability endeavoured to open a small pet shop where customers could reliably purchase a large selection of high quality products for their pets at reasonable prices.\r\nGoing from strength to strength, and with the support of the community and our loyal clients, Petsville has become one of the largest distributors of pet products in Tanzania.', NULL, NULL, NULL, 0, '0', NULL, '2024-07-09 18:58:45', '2024-07-09 18:58:45'),
(28, NULL, 'Saamaka Acquatic Base', NULL, '-', 6, 216, 'samakibaseaquatics@gmail.com', 627864655, NULL, 1, 0, 0, 0, 1, NULL, 'Dar es salaam, Simiyu-Tanzania', 'www.globalsuppliersonline.com', '-', '', 'As per our global export database, SAMAKI BASE AQUATICS made total 1 export shipments with a total export value of $1316 in 2021.\r\n\r\nTop Export Markets or Countries: France(1316 USD).\r\nMajor Export Product Category along with HS Code: Under HSN Code : 030199000000 Product Description - LIVE FISHOTHER LIVE FISH.\r\nExim GTIS is the best cost-effective market research platform offering 200+ countries trade data reports by country, company, ports. The information is 100% verified and accurate based on direct customs authorities. Find emerging markets, top trends, demand, importers, exporters and monitor competition.', NULL, NULL, NULL, 0, '0', NULL, '2024-07-18 09:19:52', '2024-07-18 09:19:52'),
(29, NULL, 'Marybul Tropical Fish store', NULL, 'Active', 6, 216, 'admin@whizztanzania.com', 714594879, NULL, 1, 0, 0, 0, 1, NULL, 'Tegeta Namanga Junction of Bagamoyo Rd, Namanga Rd, DAR-ES-SALAAM', 'www.instagram.com', '-', '', 'Full service tropical fish store featuring freshwater tropical fish, aquariums, aquarium coral and plants, fish food and supplements, Decorations, Meters & Controllers, Pumps (Air) supplies and accessories.\r\nWith limited leisure time, Fish becomes an ideal pets. They do not need walking/playing with them. Simply kept in apartments; they make no noise or mess.\r\nHaving a colorful collection of fish at your home creates a relaxing environment at your home. How ever starting up fish-keeping can be a challenging task.', NULL, NULL, NULL, 0, '0', NULL, '2024-07-18 09:55:45', '2024-07-18 09:55:45'),
(30, NULL, 'The Tiny moments', NULL, '-', 6, 216, 'KrishnaS@moments.co.tz', 766616286, NULL, 1, 0, 0, 0, 1, NULL, 'Plot No-47, Ally Hassan Mwinyi Road, Upanga, Dar es Salaam, Tanzania. ·', 'www.thosetinymoments.com', '-', '', 'The idea for Tiny Moments has been running around for a long time… since I read this post in 2011 on Allison Tait’s blog, Life in a Pink Fibro, in fact. It started as a little project. For the two weeks of the project, I found myself becoming more mindful and grateful. I looked for each day’s Tiny Moment. Once empty days seemed full of meaning. It felt amazing!\r\nThen I stopped and moved onto something else. I put aside the Tiny Moments project for another day.\r\nEventually, together with Vanessa Carnevale (previously editor of Mindful Parenting Magazine, now a freelance writer/blogger) and Nathalie Brown from Easy Peas Kids, the project morphed into Mindful Moments – a gratitude journal project for parents and children to share together.', NULL, NULL, NULL, 0, '0', NULL, '2024-07-18 10:14:35', '2024-07-18 10:14:35'),
(31, NULL, 'The Tiny moments', NULL, '-', 6, 216, 'KrishnaS@moments.co.tz', 766616286, NULL, 1, 0, 0, 0, 1, NULL, 'Plot No-47, Ally Hassan Mwinyi Road, Upanga, Dar es Salaam, Tanzania. ·', 'www.thosetinymoments.com', '-', '', 'The idea for Tiny Moments has been running around for a long time… since I read this post in 2011 on Allison Tait’s blog, Life in a Pink Fibro, in fact. It started as a little project. For the two weeks of the project, I found myself becoming more mindful and grateful. I looked for each day’s Tiny Moment. Once empty days seemed full of meaning. It felt amazing!\r\nThen I stopped and moved onto something else. I put aside the Tiny Moments project for another day.\r\nEventually, together with Vanessa Carnevale (previously editor of Mindful Parenting Magazine, now a freelance writer/blogger) and Nathalie Brown from Easy Peas Kids, the project morphed into Mindful Moments – a gratitude journal project for parents and children to share together.', NULL, NULL, NULL, 0, '0', NULL, '2024-07-18 10:14:50', '2024-07-18 10:14:50'),
(32, NULL, 'Meserani Snake park', NULL, 'Active', 24, 216, 'infor@ngorongorocratertanzania.org', 763058584, NULL, 1, 0, 0, 0, 1, NULL, 'Arusha-Ngorongoro crater.', 'www.ngorongorocratertanzania.org', 'Reptile Park', '', 'Meserani is  also known as the snake park, its located in Arusha Tanzania just 25 kilometers away from the city center of Arusha. It\'s the perfect place to learn a deep about different reptiles mostly different species of the African snakes, not just learning them but  also touching the alive snakes and pictures with them. The Meserani snake park is found the road of Serengeti and Ngorongoro National park, have a quick tour before proceeding with your safari.\r\nEntry fees to Meserani Snake Park is categorized into two parts, fees for foreigners and fees for the Tanzanian citizens or the indigenous. For foreigners, the fees is 20USD (or forty six thousand Tanzanian shillings, if at all you opt to pay in Tanzanian shillings).', NULL, NULL, NULL, 0, '0', NULL, '2024-07-18 14:54:29', '2024-07-18 14:54:29'),
(33, NULL, 'Zanzibar Land Animal Park (ZALA) Nature & Wildlife Areas', NULL, '-', 24, 216, 'hello@holidify.com', 777850816, NULL, 1, 0, 0, 0, 1, NULL, 'ZALA Park- Zanzibar', 'www.holidify..com', 'Zanzibar Land Park', '', 'ZALA stands for Zanzibar Land Animals and it is a park where \"Zanzibar\'s native species live in beautiful natural surroundings.\" It is run by a local school teacher who was tired of seeing other local people kill the local animals (sometimes endangered) out of fear or superstition. Muhammed, the Park\'s Ranger, started ZALA in an attempt to educate local kids but the menagerie is now on the list of most tours going through the area. Muhammed has made natural habitat homes for snakes, monitor lizards, crabs, turtles, dik-dik (tiny gazelles) and hyrax (the closest living species to the elephant – but it looks like a rabbit with no ears). Muhammed is trying to get some frogs to join his park but they have been fickle and although you can hear them around the park during the rains they have been stubborn and refuse to come out for visitors.', NULL, NULL, NULL, 0, '0', NULL, '2024-07-18 15:12:44', '2024-07-18 15:12:44'),
(34, NULL, 'Dar es Salaam Zoo.', NULL, '-', 24, 216, 'newdata@tracks4africa.co.za', 658888222, NULL, 1, 0, 0, 0, 1, NULL, 'P.O.BOX 22565 DSM, Kigamboni, Dar Es Salaam, Tanzania.', 'www.daressalaamzoo.com', NULL, '20240718103117.jpg', 'The Dar es Salaam Zoo is best known for having many animals endemic to Tanzania, including but not limited to zebras, crocodiles, antelopes, tortoises, gazelles, monkeys, hyenas, lions, leopards, snakes, and several species of birds. There is also a kids\' zone with slides, swings and jungle-gyms. The Dar es salaam Zoo also has a swimming pool for children and teenagers under 13. Dar es salaam Zoo gives an opportunity to foreigners and locals to get close to animals and interact with some animals such as monkeys, horses, donkeys and camels, also providing a dream ride for the visitors.', NULL, NULL, NULL, 0, '0', NULL, '2024-07-18 15:31:17', '2024-07-18 15:31:17'),
(35, NULL, 'Bahari Zoo.', NULL, '-', 24, 216, 'zoo.bahari@gmail.com', 754542921, NULL, 1, 0, 0, 0, 1, NULL, 'Tegeta, Dar es Salaam-Tanzania', 'www.trip.com', '-', '20240718110717.jpg', 'Bahari zoo is found in Dar es Salam along the coast region. The attraction of this place is based on; Research facility & zoo featuring birds, reptiles & mammals, including lions, zebras & giraffes. \r\nThe survival of our wildlife is a matter of grave concern to all of us in Africa. These wild creatures amid the wild places they inhabit are not only important as a source of wonder and inspiration but are an integral part of our natural resources and our future livelihood and well being.\r\nIn accepting the trusteeship of our wildlife, we solemnly declare that we will do everything in our power to make sure that our children’s grandchildren will be able to enjoy this rich and precious inheritance.\r\nThe conservation of wildlife and wild places calls for specialist knowledge, trained manpower, and money and we look to other nations to co-operate with us in this important task - the success or failure of which not only affects the continent of Africa but the rest of the world as well.”', NULL, NULL, NULL, 0, '0', NULL, '2024-07-18 16:07:17', '2024-07-18 16:07:17'),
(36, NULL, 'Baraka Natural Aquarium- Nungwi.', NULL, '-', 24, 216, 'info@zanzibar-tours.co.tz', 773204323, NULL, 1, 0, 0, 0, 1, NULL, 'P O Box 61, Stone Town Zanzibar, Tanzania', 'www.zanzibar-tours.co.tz', 'Nungwi Natural Baraka Aquarium', '', 'Nungwi Natural Baraka Aquarium on Zanzibar is best appreciated when embarking on a guided tour. Tourists can dive into the marine world at Nungwi Natural Aquarium on North Zanzibar and avoid the long passageway lines! You will certain falling love with dynamic coral, notice sea turtles in the natural flowing Aquarium, and have the opportunity to find out over 500 species from all around the Indian Ocean. Appreciate this engaging and instructive half-or full-day trip and become familiar with sea life.\r\nOn this full-day tour, tourists accompanied by a guide as they walk through Marahubi and Mvuleni. Also, have the chance to explore this traditional fishing village by visiting the neighborhood boatyard, where fisherman\'s dhows are as yet made the traditional way. We will visit the turtle aquarium, where you have the likelihood to see different species.\r\nUltimately, toward completing the tour, you will have a relaxing walk on the sandy beaches or swim in the excellent turquoise sea. Further, a wonderfully prepared meal for Lunch and refreshments will be served to taste the nearby specialties or global food.', NULL, NULL, NULL, 0, '0', NULL, '2024-07-18 16:16:04', '2024-07-18 16:16:04'),
(37, NULL, 'AccessBank Tanzania', NULL, '-', 3, 216, 'info@bio-invest.be', 713413128, NULL, 1, 0, 0, 0, 1, NULL, 'Dar es Salaam Kijitonyama Branch, Derm House, New Bagamoyo Rd, Kijitonyama (Opposite Makumbusho Village Museum)', 'www.accessbank.co.tz/', 'Acess Bank Tanzania', '', 'AccessBank is a microfinance bank offering loans, deposits, money transfer and other financial services to privately-owned micro and small enterprises and their owners, as well as the general lower income strata of the Tanzanian population.\r\nThe Bank started its activities in November 2007, focusing initially on providing credit to micro-entrepreneurs and accepting deposits from the general public. Chequebooks, money transfer, small enterprises loans and payment cards are the major products offered by the Bank. The use of mobile phone transfer and payment service, offered in cooperation with Vodacom Tanzania (“M-Pesa”), for loan repayment purposes is currently in a pilot phase.', NULL, NULL, NULL, 0, '0', NULL, '2024-07-18 17:30:35', '2024-07-18 17:30:35'),
(38, NULL, 'Azania Bank', NULL, '-', 3, 216, 'customercare@azaniabank.co.tz', 784701818, NULL, 1, 0, 0, 0, 1, NULL, 'Mawasiliano Towers, Sam Nujoma Road, Dar es Salaam, Tanzania.', 'www.azaniabank.co.tz', 'BANKING BEYOND ORDINARY', '', 'Azania Bank is a fully-fledged commercial bank offering a range of banking services where by our customers can open current (Business/ personal) accounts and various savings accounts for SMEs, children and students. It offers a wide range of loan products, such as business loans, consumer loans and mortgage facilities; it further operates in local and international funds transfers through TISS, Telegraphic Transfers, Western union, Africash and Money gram. In the processes of mobilizing deposits and lending to businesses, we offer competitive interest rates on deposits as well as affordable interest rates on loans facilities.', NULL, NULL, NULL, 0, '0', NULL, '2024-07-18 17:38:52', '2024-07-18 17:38:52'),
(39, NULL, 'Bank of Africa', NULL, '-', 3, 216, 'info@boatanzania.com', 782262043, NULL, 1, 0, 0, 0, 1, NULL, 'NDC Development House – Ohio Street / Kivukoni Front – P.O. Box 3054 – Dar es Salaam', 'www.boatanzania.com', '-', '', 'BANK OF AFRICA Group (BOA Group) is currently present in 19 countries: 8 in West Africa (Benin, Burkina Faso, Côte d’Ivoire, Ghana, Mali, Niger, Togo and Senegal), 8 in East Africa and the Indian Ocean region (Burundi, Djibouti, Ethiopia, Kenya, Madagascar, Uganda, Rwanda, Tanzania),  2 in central Africa (Africa the Democratic Republic of Congo and Congo) and France. The BOA Group network of 18 commercial banks, 1 global holding company, 2 regional holding companies, 1 investment company, 2 technical support subsidiaries, 2 processing and IT support companies, and 1 representative office in Addis Ababa.', NULL, NULL, NULL, 0, '0', NULL, '2024-07-18 18:01:52', '2024-07-18 18:01:52'),
(40, NULL, 'Bank of Baroda Tanzania Limited', NULL, 'Active', 3, 216, 'bobdar@bankofbaroda.com', 222124472, NULL, 1, 0, 0, 0, 1, NULL, 'Plot No 149/32 , Ohio /Sokoine Drive , P.O. Box 5356, Dar Es Salaam, Tanzania', 'www.bankofbaroda.co.tz', 'Bank of Baroda Tanzania', '', 'The Bank of Baroda Tanzania Limited (BBTL), sometimes referred to as the Bank of Baroda (BoB) Tanzania, is a Tanzanian commercial bank. It is among the commercial banks regulated by Tanzania’s banking regulator, the Bank of Tanzania.\r\nBank of Baroda Tanzania Limited works in all areas of commercial banking, inclusive of assisting major corporations, medium and small-sized businesses, as well as individuals. BoB, an international bank headquartered in Mumbai in India, owns BBTL. BBTL’s assets were valued at TZS 170 billion (about USD 76 million) by December 31, 2016. The capital of the shareholder was TZS 35.33 billion (about USD 16 million) by December 31, 2016.', NULL, NULL, NULL, 0, '0', NULL, '2024-07-18 18:18:17', '2024-07-18 18:18:17'),
(41, NULL, 'Bank of India, Tanzania', NULL, 'Active', 3, 216, 'BOI.Tanzania@bankofindia.co.in', 222135362, NULL, 1, 0, 0, 0, 1, NULL, 'Maktaba Street - P.O.BOX 7581 Dar es salaam-Tanzania', 'www.boitanzania.co.tz', 'Relationship beyond banking', '', 'Bank of India was founded on 7th September 1906 and was nationalized in 1969. Government of India holds 87.05% share in Bank of India. The Bank has over 5100 branches in India and 60 foreign offices, 5 subsidiaries and 1 joint venture abroad spread over 22 countries. It has presence at all the key financial centres of the world including New York, Tokyo, Singapore, Hongkong, London, Paris, Beijing, Nairobi, Johannesburg and Dar es Salaam.\r\nBank of India has been selected as the Top Indian Company under Banking Sector for the Dun & Bradstreet- Rolta Corporate Award 2008. It has also won the Award for Top Public Sector Bank under Best Bank category and adjudged overall Best Bank in Dun and Bradstreet Banking awards 2008.', NULL, NULL, NULL, 0, '0', NULL, '2024-07-18 18:29:36', '2024-07-18 18:29:36'),
(42, NULL, 'Canara Bank Tanzania Limited', NULL, 'Tanzania Companies Act, 2002 on 2. November 2015', 3, 216, 'cbtl@canarabank.co.tz', 222112532, NULL, 1, 0, 0, 0, 1, NULL, 'ELIA COMPLEX, FLOOR GROUND, 16/1 BIBI TITI ROAD, ZANAKI  Tanzania', 'www.canarabank.co.tz', 'together we can buid a better life', '', 'Canara Bank was incorporated on July 1, 1906 with the name Canara Hindu Permanent Fund Ltd. In the year 1910, the name of the Bank was changed from Canara Hindu Permanent Fund Ltd to Canara Bank Ltd. In July 19, 1969, the Bank was nationalized along with 14 major banks in the country.\r\nCanara Bank was adjudged winner under Best Technology Talent and has received special prizes under the categories of Best Technology Bank, Best Digital Engagement and Best Financial Inclusion during the 18th IBA Technology Conference, Expo and Awards in Dec 2022.', NULL, NULL, NULL, 0, '0', NULL, '2024-07-18 21:46:56', '2024-07-18 21:46:56'),
(43, NULL, 'China Dasheng Bank Limited', NULL, 'business license in 2018 by the Central Bank of Tanzania (BoT)', 3, 216, 'info@cdbbank.co.tz', 222127586, NULL, 1, 0, 0, 0, 1, NULL, 'Extelecom Tower, Bridge Street, Samora Ave, Dar es Salaam', 'www.chinadashengbank.co.tz', 'The maltinational bank of china', '', 'China Banking Corporation (Chinabank) is a leading private universal bank in the Philippines and we are focused on you.These are the big four banks that are majority-owned by the government and are central to China\'s financial system. They are the Industrial and Commercial Bank of China (ICBC), the China Construction Bank (CCB), the Bank of China (BoC), and the Agricultural Bank of China (ABC).\r\nChina Dasheng Bank Limited is a full-fledged commercial bank incorporated in Tanzania.\r\nBank of Tanzania (BOT) issued a provisional license to China Dasheng Bank on 25 November 2017 that granted approval to carry out banking business as a commercial bank subject to fulfillment of the conditions set forth by the BOT. The Bank was then issued with a permanent banking business license number CBA00066 by the Bank of Tanzania on 8 November 2018 and started banking operations on 26 November 2018.', NULL, NULL, NULL, 0, '0', NULL, '2024-07-18 22:20:27', '2024-07-18 22:20:27'),
(44, NULL, 'citibank', NULL, '-', 3, 216, 'cititz.contactus@citi.co.tz', 222211285, NULL, 1, 0, 0, 0, 1, NULL, 'Citibank House Plot 1962, Toure Drive, Oyster Bay P.O. Box 71625 Dar es Salaam Tanzania', 'http://www.citibank.co.tz', '-', '', 'Since 1995, Citibank Tanzania Limited has committed to providing top-notch financial services, market leadership in digital transformation and innovative financial products that meet the needs of our clients.\r\nCiti Tanzania provides coverage to all major urban centers in the country through strategic partnerships with our partner banks. We are proud to serve top corporations, financial institutions and public sector entities in Tanzania through a network of corporate bankers. Our bankers work closely with partners in capital markets, sales and trading, research and global relationship banking to offer customized financial strategies for our clients.', NULL, NULL, NULL, 0, '0', NULL, '2024-07-18 22:33:33', '2024-07-18 22:33:33'),
(45, NULL, 'DCB Commercial Bank', NULL, 'Active', 3, 216, 'info@dcb.co.tz', 659077000, NULL, 1, 0, 0, 0, 1, NULL, 'DCB House, Magomeni Mwembechai, Morogoro Road P.O Box 19798, Dar Es Salaam.', 'https://dcb.co.tz@dcb.co.tz', '-', '', 'DCB Bank is a fully-fledged retail and commercial bank in Tanzania. The bank offers banking services to Individuals, Small to Medium sized Businesses, as well as large corporate clients. DCB Bank has a wide branch network of 9 branches, over 1000 DCB Wakala Agents and over 280 Umoja switch ATMs serving over 3 million customers across the country. The bank has experience of over 18 years and it is the first bank to be listed on the Dar es Salaam Stock Exchange (DSE).\r\nDCB Commercial Bank Plc was registered as a Limited Company on 6th September 2001. In April 2002, DCB started business as a regional microfinance institution. On 12th June 2003 the bank was issued with a license to carry out banking business as Dar es Salaam Community Bank Limited.', NULL, NULL, NULL, 0, '0', NULL, '2024-07-18 22:45:48', '2024-07-18 22:45:48'),
(46, NULL, 'Eco bank Tanzania', NULL, '-', 3, 216, 'infor@ncd.co.tz', 202883000, NULL, 1, 0, 0, 0, 1, NULL, 'Kinondoni, Biafra Dar es salaam, Tanzania', 'https://www.ecobank.com', '-', '', 'Ecobank Tanzania Limited is a Subsidiary of Ecobank Transnational Incorporated (ETI) a multinational Bank Presenting 33 African Countries. Ecobank began its operations in Tanzania on the 19th January 2010 which enables the bank to commence provision of fully commercial banking services to the public. The bank currently has 5 branches (Dar es Salaam branches include: Acacia, Mwenge and PSPF branch; upcountry; Arusha and Mwanza; these branches are strategically located bringing financial advice closer to Tanzanians and easy of cross border trade due to the Banks wide network.', NULL, NULL, NULL, 0, '0', NULL, '2024-07-19 02:33:47', '2024-07-19 02:33:47'),
(47, NULL, 'Equity Bank (Tanzania)', NULL, 'Active', 3, 216, 'info@equitygroupholdings.com', 768985500, NULL, 1, 0, 0, 0, 1, NULL, 'BANK OF TANZANIA P.O. Box 2939 Dar es Salaam, Tanzania', 'www.equitgroupholdings.com', 'Growing Together in Trust.', '', 'Our History\r\nOn 31st December, 2014, Equity Building Society, as it had previously been known as, became Equity Group Holdings Limited, a non-operating holding company, after undergoing a process of restructuring, so as to further meet its objectives. In 1984, Equity Building Society -now the bank arm of the group- was founded, and has recorded various key milestones through the years. In 2004, it converted into a fully-fledged commercial bank, Equity Bank Limited (EBL). It was listed in the Nairobi Securities Exchange in 2006, becoming the largest bank by market capitalization, and attracting Helios, a strategic investor, who invested USD 185 million in 2007. Support such as this has seen the scaling and transformation of the Group into a rapidly growing Pan-African banking group, and in the process inspiring many.', NULL, NULL, NULL, 0, '0', NULL, '2024-07-19 02:46:12', '2024-07-19 02:46:12'),
(48, NULL, 'Exim Bank (Tanzania)', NULL, 'Active', 3, 216, 'customercare@eximbank.co.tz', 800780111, NULL, 1, 0, 0, 0, 1, NULL, 'Exim Bank (T) Ltd. P.O.Box 1431 Dar es Salaam, Tanzania', 'w.w.weximbank.co.tz', 'innovation is life', '', 'Exim Bank is one of the leading financial services providers in 4 countries and Tanzania’s first international bank. Since welcoming our first customers in Samora Branch, Dar es Salaam, in 1997, Exim Bank has continued to expand its national and regional reach.\r\nExim Bank has over the years leveraged on the underlying resilience to grow our asset base and to successfully expand our reach. The Bank’s operations span Dar es Salaam, Zanzibar, Tanga, Morogoro, Kilimanjaro, Arusha, Manyara, Mwanza, Shinyanga, Kigoma, Iringa, Mbeya and Mtwara regions in Tanzania and overseas subsidiaries in the Anjouan, Moheli and Moroni Islands of the Union of Comoros, in the Republic of Djibouti and Uganda– an international presence unmatched by other Tanzanian banks.', NULL, NULL, NULL, 0, '0', NULL, '2024-07-19 02:52:58', '2024-07-19 02:52:58'),
(49, NULL, 'First National Bank of Tanzania', NULL, 'Active', 3, 216, 'infor@ncd.co.tz', 768989150, NULL, 1, 0, 0, 0, 1, NULL, 'PO Box 72290 Ground Floor, FNB House, Ohio Street Dar es Salaam, 72290 Tanzania', 'www.fnbtanzania.co.tz', '-', '', 'he bank commenced operations in Tanzania, in July 2011, following the issuance of a commercial banking licence by the Bank of Tanzania, the country\'s central bank and national banking regulator. Its headquarters and main branch are located in Dar es Salaam, the national capital and largest city in the country.\r\nFirst National Bank Tanzania (FNBT), is a commercial bank in Tanzania. It is one of the commercial banks licensed by the Bank of Tanzania, the national banking regulator.[1] It is a subsidiary of South Africa-based FirstRand Group.', NULL, NULL, NULL, 0, '0', NULL, '2024-07-19 03:09:26', '2024-07-19 03:09:26');
INSERT INTO `businesses` (`id`, `job`, `business_name`, `business_title`, `business_registration`, `category_id`, `country_id`, `business_email`, `business_phone`, `user_id`, `status`, `claim`, `verify`, `transfer`, `display`, `account`, `headquarters`, `website`, `slogan`, `logo`, `description`, `letter`, `business_licence`, `company_reg`, `total_review`, `total_rating`, `deleted_at`, `created_at`, `updated_at`) VALUES
(50, NULL, 'Guaranty Trust Bank (Tanzania) Limited', NULL, 'Active', 3, 216, 'customercaretz@gtbank.com', 222772504, NULL, 1, 0, 0, 0, 1, NULL, 'Plot 4, Regent Estate, Victoria, Bagamoyo Rd, P.O. Box 31111, Dar es Salaam, Tanzania', 'https://www.gtbank.co.tz', '-', '', 'Guaranty Trust Bank (Tanzania) Limited is a subsidiary of Guaranty Trust Bank PLC, a foremost Banking Group headquartered in Lagos, Nigeria, and listed on the Nigeria and London Stock Exchanges.\r\nAs a Proudly African institution with footprints in ten (10) countries (Cote D’Ivoire, Gambia, Ghana, Liberia, Nigeria, Sierra Leone, Kenya, Rwanda, Uganda and United Kingdom) across the continent, three (3) of which are Tanzania’s neighbours, we are excited to be finally here! The Bank has a B+ rating from Fitch in recognition of its strong domestic franchise, good quality assets and sound earnings record and B risk asset rating from Standard & Poors’.', NULL, NULL, NULL, 0, '0', NULL, '2024-07-19 03:17:56', '2024-07-19 03:17:56'),
(51, NULL, 'Habib African Bank', NULL, '-', 3, 216, 'ibs@habibafricanbank.co.tz', NULL, NULL, 1, 0, 0, 0, 1, NULL, 'P.O. Box 70086 Dar es Salaam Indira Gandhi / Zanaki Street', 'https://habibafricanbank.co.tz', '-', '', 'Established in Tanzania in 1998, Habib African Bank belongs to the most famous, respected and trusted Habib family who are treated as the pioneers of banking industry in the sub continents.\r\nIt is a matter of great satisfaction for all of us at Habib African Bank that we have maintained the family tradition of offering a wide range of services at the most competitive pricing whilst remaining focused at extending top class customer care to our esteemed customer. Our highly experienced and well trained staff who are humble, efficient and courteous have earned a good name for expert customer care. Despite having a smaller network in the country, the convenient location of our branches, banking with Habib African Bank will definitely provide a positive experience.', NULL, NULL, NULL, 0, '0', NULL, '2024-07-19 03:26:57', '2024-07-19 03:26:57'),
(52, NULL, 'I&M Bank (Tanzania)', NULL, 'Active', 3, 216, 'customer.care@imbank.co.tz', 784107999, NULL, 1, 0, 0, 0, 1, NULL, 'Maktaba Square Building, Azikiwe Street, P O Box 1509, Dar Es Salaam, Tanzania', 'www.imbankinggroup.com', '-', '', 'Investments & Mortgages Limited was formed and was based in Phoenix House. \"I&M\" as it was known, provided a much needed personalized financial service for Nairobi\'s business community.\r\nI&M Bank\'s quality and impressive growth, as well as progressive management practices, have been recognized with many awards over the years. We are a regular recipient of several awards in the annually held Banking Awards Ceremony in Nairobi, including several awards for Product Innovation and for the Most Efficient Bank. We have also been recognized in several Company of The Year Awards in every year that we have participated in them.', NULL, NULL, NULL, 0, '0', NULL, '2024-07-19 03:36:55', '2024-07-19 03:36:55'),
(53, NULL, 'Ecobank Tanzania', NULL, '-', 3, 216, 'assist@ecobank.com', 800110021, NULL, 1, 0, 0, 0, 1, NULL, 'Kinondoni Rd, Dar es Salaam', 'https://www.ecobank.com', 'We’ve transformed our customer care to show you how much we care', '', 'Ecobank is the leading pan-African bank with operations in 36 countries across the continent. It has a larger African footprint than any other bank.\r\nEcobank Tanzania Limited is a Subsidiary of Ecobank Transnational Incorporated (ETI) a multinational Bank Presenting 33 African Countries. Ecobank began its operations in Tanzania on the 19th January 2010 which enables the bank to commence provision of fully commercial banking services to the public. The bank currently has 5 branches (Dar es Salaam branches include: Acacia, Mwenge and PSPF branch; upcountry; Arusha and Mwanza; these branches are strategically located bringing financial advice closer to Tanzanians and easy of cross border trade due to the Banks wide network.', NULL, NULL, NULL, 0, '0', NULL, '2024-07-22 15:27:35', '2024-07-22 15:27:35'),
(54, NULL, 'Equity Bank (Tanzania)', NULL, '-', 3, 216, 'info@equitygroupholdings.com', 768985500, NULL, 1, 0, 0, 0, 1, NULL, 'P.O. Box 2939 Dar es Salaam, Tanzania', 'https://equitygroupholdings.com', 'Transforming banking to a lifestyle', '', 'Our History\r\nOn 31st December, 2014, Equity Building Society, as it had previously been known as, became Equity Group Holdings Limited, a non-operating holding company, after undergoing a process of restructuring, so as to further meet its objectives. In 1984, Equity Building Society -now the bank arm of the group- was founded, and has recorded various key milestones through the years. In 2004, it converted into a fully-fledged commercial bank, Equity Bank Limited (EBL). It was listed in the Nairobi Securities Exchange in 2006, becoming the largest bank by market capitalization, and attracting Helios, a strategic investor, who invested USD 185 million in 2007. Support such as this has seen the scaling and transformation of the Group into a rapidly growing Pan-African banking group, and in the process inspiring many.', NULL, NULL, NULL, 0, '0', NULL, '2024-07-22 15:37:13', '2024-07-22 15:37:13'),
(55, NULL, 'Exim Bank (Tanzania)', NULL, '-', 3, 216, 'customercare@eximbank.co.tz', 800780111, NULL, 1, 0, 0, 0, 1, NULL, 'Exim Bank (T) Ltd. P.O.Box 1431 Dar es Salaam, Tanzania', 'www.eximbank.co.tz', 'innovation is life', '', 'Exim Bank is one of the leading financial services providers in 4 countries and Tanzania’s first international bank. Since welcoming our first customers in Samora Branch, Dar es Salaam, in 1997, Exim Bank has continued to expand its national and regional reach.\r\nExim Bank has over the years leveraged on the underlying resilience to grow our asset base and to successfully expand our reach. The Bank’s operations span Dar es Salaam, Zanzibar, Tanga, Morogoro, Kilimanjaro, Arusha, Manyara, Mwanza, Shinyanga, Kigoma, Iringa, Mbeya and Mtwara regions in Tanzania and overseas subsidiaries in the Anjouan, Moheli and Moroni Islands of the Union of Comoros, in the Republic of Djibouti and Uganda– an international presence unmatched by other Tanzanian banks.', NULL, NULL, NULL, 0, '0', NULL, '2024-07-22 16:46:33', '2024-07-22 16:46:33'),
(56, NULL, 'KCB Bank Tanzania', NULL, '-', 3, 216, 'kcblumumba@tz.kcbbankgroup.com', 222160324, NULL, 1, 0, 0, 0, 1, NULL, 'KCB Bank Benki Samora Avenue, Ohio Street, Audit House · 022 211 5390', 'https://tz.kcbgroup.com ·', 'Making the Difference', '20240722120305.png', 'KCB Bank was formed on the premise of these values: inspiration, simplicity and friendliness. We have made sure to always have at the helm, people who hold the same values and through their leadership and expertise do their part in ensuring that they are imbued throughout the organization. Our leaders are committed to propelling the bank forward, an endeavor that is evidenced by the continued growth of KCB across boundaries, in line with our mission to achieve global reach.\r\nIt’s about working every day for our customers, for our colleagues and for everyone in the communities we serve. We need to have the drive and ambition to make things better, improving our organization each and every day.', NULL, NULL, NULL, 0, '0', NULL, '2024-07-22 17:03:05', '2024-07-22 17:03:05'),
(57, NULL, 'Letshego Bank Tanzania', NULL, '-', 3, 216, 'Info.tz@letshego.co.tz', 658555096, NULL, 1, 0, 0, 0, 1, NULL, 'Plot No.23 Ursino Estate 3rd floor Vodacom towers –Paloma Park  Bagamoyo road  P.o.Box 34459  Dar es Salaam', 'www.letsgo.letshego.com', 'Letshego', '', 'Letshego Faidika Bank Limited is a licensed Commercial Bank operating in Tanzania and is a subsidiary of Letshego Holdings Limited (leading in inclusive finance across Africa). Letshego Faidika Bank Limited through its efficient alternative channels not limited to 16 branches 86 outlets, LetsGo mobile, agency (over 200 third party agencies), Western Union, ATM Cards, E-Money, and Bank Transfer (TISS). Letshego Faidika Bank Limited has more than 79 employees, offering credit, savings, and transactional solutions in affordable housing, education, and health sectors', NULL, NULL, NULL, 0, '0', NULL, '2024-07-22 17:10:27', '2024-07-22 17:10:27'),
(58, NULL, 'Mkombozi Commercial Bank', NULL, '-', 3, 216, 'info@mkombozibank.co.tz', 800750040, NULL, 1, 0, 0, 0, 1, NULL, 'MKCB Head Office Plot No.40, Mansfield Street, P.o.Box 38448 Dar es Salaam,Tanzania', 'http://mkombozibank.co.tz', '-', '', 'Mkombozi Commercial Bank PLC (MKCB) started as an initiative of the Tanzania Episcopal Conference in 2009 to establish a Commercial Bank with the main objective of serving and supporting the emerging Tanzanian businesses for provision of financial services.\r\nMKCB targets small and medium sized entrepreneurs, companies, SACCOS, intitutions such as schools, universities, hospitals and corporations. MKCB serves the need of growing companies, middle-market and large corporations, institutional investors, financial institutions and Government entities.', NULL, NULL, NULL, 0, '0', NULL, '2024-07-22 17:16:59', '2024-07-22 17:16:59'),
(59, NULL, 'Mwalimu Commercial Bank', NULL, '-', 3, 216, 'info@mwalimubank.co.tz', 800750033, NULL, 1, 0, 0, 0, 1, NULL, 'Mlimani Tower-Mezzanine Floor, Sam Nujoma Road P. O. Box 61002, Dar es salaam', 'https://mwalimubank.co.tz', 'better together', '', 'Mwalimu Community Bank Limited (MCB) is a commercial bank which is wholly-owned and promoted by an umbrella trade union of teachers in Tanzania. Tanzania Teacher’s Union (TTU) is a trade union established under the Employment and Labour Relations Act 2004. There are over 200 000 members across all regions in the country. MCB meets an important need to provide affordable and accessible banking products and services to teachers in Tanzania. MCB offers a diverse range of products and services geared to empower teachers and other civil servants to improve their living conditions and transform their lives.', NULL, NULL, NULL, 0, '0', NULL, '2024-07-22 17:23:25', '2024-07-22 17:23:25'),
(60, NULL, 'NIC Bank Tanzania', NULL, '-', 3, 216, 'info-nic@nictanzania.co.tz', 222295000, NULL, 1, 0, 0, 0, 1, NULL, 'NIC Insurance House, Samora Avenue | Pamba Road, Dar es Salaam. Tanzania', 'www.tip-offs.com', '-', '', 'NIC Bank (formerly National Industrial Credit Bank Limited) was incorporated in Kenya on 29th September 1959 as a joint venture between Mercantile Credit Limited and Standard Bank. NIC Bank was among the first non-bank financial institutions to provide hire purchase and instalment credit finance facilities in Kenya. \r\nNIC Bank went public by listing on the Nairobi Securities Exchange (NSE) in 1971. Barclays Bank of Kenya Limited (BBK) acquired 51% of NIC Bank’s total shares through the acquisition of Mercantile Credit Limited in the 1970s and thereafter, Standard Bank’s shareholding in the 1980s. Between 1993 and 1996, BBK divested all of its shares in NIC Bank by selling them (i) 38% to the public through the NSE and, (ii) 20% to First Chartered Securities Limited. \r\nIn order to effectively diversify into mainstream commercial banking, NIC Bank merged with African Mercantile Bank Limited (AMBank) in November 1997, through a share swap. Although the Company’s name was originally National Industrial Credit Limited, and later National Industrial Credit Bank Limited, all through its history it was known by its initials – NIC - and to reflect this, the Bank’s name was in 2005 officially changed to the present NIC Bank Limited. \r\nIn 2008, NIC Bank broadened its services to customers by providing investment banking products and services through NIC Capital Limited. Thereafter, it acquired a stock broking business (Solid Investment Securities Limited, later renamed NIC Securities Limited), and also secured a license to sell Bancassurance products through NIC Insurance Agents Limited. This effectively positioned the Bank as a ‘one-stop shop’ financial services solution provider in the market.', NULL, NULL, NULL, 0, '0', NULL, '2024-07-22 17:38:10', '2024-07-22 17:38:10'),
(61, NULL, 'People\'s Bank of Zanzibar', NULL, '-', 3, 216, 'info@pbzbank.co.tz', 800000004, NULL, 1, 0, 0, 0, 1, NULL, 'HEAD OFFICE. P.O.Box 1173. 2nd Floor ZIC Building,. Mpirani – Zanzibar.', 'https://pbzbank.co.tz', 'THE PEOPLE\'S BANK, THE PEOPLE\'S CHOICE', '', 'PBZ is well known for its expertise in import and export trade dealings through establishment of letter of credits and bills for collection. Other facilities are bid bonds, performance bonds, guarantees etc.\r\nThe plan of the Bank is to enhance its services and extend her branches to as many regions as possible in the country. The Bank also plan to open service centres in various areas out of town to make its services easily reachable by those people living out of the cities where the Bank branches are not available.\r\nThe Bank has got a number of ATM than any other bank in Zanzibar. The PBZ ATMs are connected to UMOJA SWITCH and VISA Network where you can access the ATM services wherever you are in Tanzania and beyond through this network.\r\n\r\nTHE PEOPLE\'S BANK, THE PEOPLE\'S CHOICE\r\nThe People’s Bank of Zanzibar Limited (PBZ) was established on 30th June 1966 in accordance with the Zanzibar companies Decree (Cap 153). PBZ is 100% owned by the Government of Zanzibar. The primary function of the Bank is to carry on the business of commercial banking in all its branches and Departments.', NULL, NULL, NULL, 0, '0', NULL, '2024-07-22 17:52:07', '2024-07-22 17:52:07'),
(62, NULL, 'Stanbic Bank Tanzania Limited', NULL, '-', 3, 216, 'tanzaniaccc@stanbic.com', 222666460, NULL, 1, 0, 0, 0, 1, NULL, 'Centre Branch  Crnr Ali Hassan Mwinyi/ Kinondoni Road  P.O. Box 72647, Dar Es Salaam', 'https://www.stanbicbank.co.tz', '-', '', 'Bank, we, us, our, or Stanbic Bank means Stanbic\r\nBank Tanzania Limited (registration number 22443 ) a\r\ncompany duly incorporated with limited liability\r\naccording to the laws of Tanzania and/or its successors\r\nin title or assigns.\r\nWe are proud to be part of Africa’s largest banking group by assets, Standard Bank Group.  Our operations in Tanzania empower the financial success of both the people and businesses that bank with us.\r\nWe are always aiming at bettering our customer\'s experiences and offer them products and services that will empower their financial success.', NULL, NULL, NULL, 0, '0', NULL, '2024-07-22 18:05:32', '2024-07-22 18:05:32'),
(63, NULL, 'Standard Chartered Tanzania', NULL, '-', 3, 216, 'callcentre@sc.com', 222164999, NULL, 1, 0, 0, 0, 1, NULL, 'International House, Shaaban Robert Street/Garden Avenue, PO Box 9011 City	Dar es Salaam', 'https://www.sc.com › banking ·', '-', '', 'Standard Chartered is one of the oldest International Banks in Tanzania having started operations in 1917.\r\nWhen Tanzania attained her Independence, we were here! When Tanganyika and Zanzibar merged to form Tanzania in 1964, we were here!\r\nWe are, therefore, marking 100 Years since we first opened our doors in Tanzania. We currently have branches in all key cities of the country, and the Bank employs over 330 employees. We offer a full range of services across our Global Banking, Financial Markets, Retail and Commercial Banking businesses, and we are the largest International Bank in the market.', NULL, NULL, NULL, 0, '0', NULL, '2024-07-22 18:26:38', '2024-07-22 18:26:38'),
(64, NULL, 'TIB Corporate Bank', NULL, '-', 3, 216, 'invest@rasilimali.tib.co.tz', 754232035, NULL, 1, 0, 0, 0, 1, NULL, 'Building No.3, Mlimani City , Office Park,Sam Nujoma Road', 'https://www.tib.co.tz', 'your partner for growth', '', 'TIB RASILIMALI LIMITED (formerly known as RASILIMALI LIMITED) was incorporated on 4 February, 1980 vide certificate of incorporation No.7586 as a wholly owned subsidiary company of TIB Development Bank Limited (formerly known as Tanzania Investment Bank – TIB). Initially established to be a property developer, Rasilimali was transformed into a Financial Services and Securities Dealing Company when the Capital Markets and Securities Authority (CMSA) act of 1994, prohibited banks to undertake the activities of capital market operations unless under a separate independent company that would be regulated by the CMSA.\r\nTIB Rasilimali is a limited liability company established and operating under the Companies Act, Cap 212 of the laws of Tanzania and licensed to conduct the business of Capital Market operations being securities brokerage services, corporate finance and investment advisory in Tanzania. The firm’s registered office is located at Building No.3, Mlimani City , Office Park,Sam Nujoma Road , P. O. Box 9154, Dar es Salaam. TIB Rasilimali is a subsidiary of TIB Development Bank and a member of the TIB Group, as such the firm’s ultimate shareholder is the Government of Tanzania, TIB Rasilimali is thus further governed by the respective laws and directives for State Owned institutions.\r\nThe firm first obtained its Capital Markets operator licenses since October 1997, is one of the oldest Brokerage and Advisory firms in the market, the only public sector institution that is a licensed dealing member of the Dar es Salaam Stock Exchange and the only brokerage firm affiliated to a Bank.', NULL, NULL, NULL, 0, '0', NULL, '2024-07-22 18:34:21', '2024-07-22 18:34:21'),
(65, NULL, 'TPB Bank Plc', NULL, '-', 3, 216, 'info@tcbbank.co.tz', 765767683, NULL, 1, 0, 0, 0, 1, NULL, 'Head Office 10th LAPF Towers, Bagamoyo Road, Opp Makumbusho Village, Kijitonyama, P.O BOX 9300, Dar es salaam', 'https://www.tcbbank.co.tz', 'Growing Stronger together', '', 'anganyika Postal Office Savings Bank (TPOSB) now Tanzania Commercial Bank came into being in 1925 when Tanganyika was under British Rule. It later became a Savings Bank under the then East African Post and Telecommunications which ceased to operate after the collapse of the East African Community. The Tanzania Posts & Telecommunications Corporation (TP&TC) came into being to cater for the Tanzanian market. TPB was formed from the now defunct TP&TC. TPB was established by the Tanzania Postal Bank Act No. 11 of 1991. On Monday the 29th of June 2015, the Parliament of the United Republic of Tanzania repealed the Act and on the 29th of March 2016 the bank was incorporated under the Companies Act (Cap 212) as TPB Bank PLC. On Thursday 19th January 2017, the bank unveiled it’s the name TPB Bank PLC to the public as well as its new logo and tagline (Grow with us). On the 14th July 2021 the bank changed its name to Tanzania Commercial Bank Plc with a tagline ‘Growing stronger together’.', NULL, NULL, NULL, 0, '0', NULL, '2024-07-22 18:52:55', '2024-07-22 18:52:55'),
(66, NULL, 'United Bank for Africa (UBA)', NULL, '-', 3, 216, 'customerservicetz@ubagroup.com', 222864468, NULL, 1, 0, 0, 0, 1, NULL, 'United Bank for Africa (Tanzania) Nyerere Road, Dar es Salaam, Tanzania. P.O Box 80514.', 'https://www.ubatanzania.co.tz', 'United Bank of Africa', '', 'A Statement From The Group Managing Director/CEO\r\nWe are Africa; We represent the African dream; We are a story foretold 70 years ago, committed to continuous excellent customer experience as enshrined in our Customer-First  Philosophy.\r\nWe remain a reliable financial partner through highs and lows to all our customers and stakeholders. We are the United Bank for Africa (UBA) Plc…. Africa’s Global Bank\r\nWelcome, as we take you on an experiential journey into our world of bespoke financial services created by Africans to the world. Irrespective of the challenging COVID 19 Pandemic which impacted industries, health services, educational institutions, commerce, lifestyles, religions and world economies at large, at a speed, scale and severity that no-one could have predicted, we at UBA have worked hard and stayed together as a strong team amidst adversity, operational challenges and security threats. I assure you that UBA remains well-positioned with a rock solid foundation ready to meet your financial needs and business challenges.', NULL, NULL, NULL, 0, '0', NULL, '2024-07-22 19:14:34', '2024-07-22 19:14:34'),
(67, NULL, 'Mortgage Banks', NULL, '-', 3, 216, 'tuambie@nmbbank.co.tz', 222233000, NULL, 1, 0, 0, 0, 1, NULL, 'Ohio Street/Ali Hassan Mwinyi Road  P.O. Box 9213  Dar es Salaam, Tanzania', 'https://www.tmrc.co.tz', '-', '', 'A mortgage bank is a bank specializing in mortgage loans. It can be involved in originating or servicing mortgage loans, or both. The banks loan their own capital to borrowers and either collect payments in installments along with a certain rate of interest or sell their loans in the secondary market.\r\nA mortgage is a debt instrument specific to the real estate industry. It is secured by the collateral of a real estate property. The borrower is obligated to pay back the loan over time. Mortgages make it easier to purchase large real estate properties without having to pay a large purchase price upfront.\r\nThe borrower instead gets the opportunity to repay the loan over time – in periodic installments in addition to interest payments. After paying back the loan, the borrower becomes the owner of the property free and clear. Mortgages can also be referred to as liens against property or claims on property.', NULL, NULL, NULL, 0, '0', NULL, '2024-07-22 19:34:03', '2024-07-22 19:34:03'),
(68, NULL, 'First Housing Company Tanzania Limited', NULL, '-', 3, 216, 'info@firsthousing.co.tz', 222113456, NULL, 1, 0, 0, 0, 1, NULL, '19 Obama drive, Dar Es Salaam', 'https://firsthousing.co.tz', '-', '', 'Tanzania’s dedicated Housing Finance Company with a focus on providing long term housing solutions to the citizens of Tanzania. Being the pioneer in the housing finance market, 1st Housing operates by offering mortgage products for Purchase, Improvement, Extension, Completion and Refinancing of an existing home loan\r\nThe clients experience the fastest turnaround time in the processing of the mortgage applications and world-class customer service at 1st Housing.\r\nDreaming to owning, First Housing Finance is your companion by choice.', NULL, NULL, NULL, 0, '0', NULL, '2024-07-22 19:57:45', '2024-07-22 19:57:45'),
(69, NULL, 'Bank of Tanzania', NULL, '-', 3, 216, 'botcommunications@bot.go.tz', 262963182, NULL, 1, 0, 0, 0, 1, NULL, '16 Jakaya Kikwete Road 40184 P.O Box 2303 Dodoma Tanzania', 'https://www.bot.go.tz', '-', '', 'Bank of Tanzania is mandated to regulate and supervise all banks, financial Institutions and Bureau de Change in the country. Further, Bank of Tanzania is mandated to regulate and supervise all financial matters of all social security schemes (Pensions corporations), National Health Insurance Fund (NHIF) and Workers Compensation Fund (WCF) in Tanzania. National Social Security Regulatory Authority (NSSRA) regulates other matters of social security schemes (Pensions corporations), National Health Insurance Fund (NHIF) and Workers Compensation Fund (WCF) in Tanzania.', NULL, NULL, NULL, 0, '0', NULL, '2024-07-22 20:07:15', '2024-07-22 20:07:15'),
(70, NULL, 'Tanzania Agricultural Development Bank', NULL, '-', 3, 216, 'info@tadb.com', 222923501, NULL, 1, 0, 0, 0, 1, NULL, '4th Floor Plot 84 - 14109 Accacia Estates Bldg, Kinondoni Road,', 'https://www.tadb.co.tz', '-', '', 'Tanzania Agricultural Development Bank Limited (TADB) was established under the Company Act, 2002 CAP 212 in September 2012. The establishment purpose of the Bank was to lead capacity-building strategies and programmes to strengthen the agriculture financing value chain and to support the Government of Tanzania initiatives to shape and implement policies and initiatives for agricultural and rural lending.\r\nThe Banks as a key stakeholder in the development and envisaged revolution of the agricultural sector, it is committed to delivering on undertakings made in the context of the national agriculture related strategies consistent with its Vision, Mission and Objectives.', NULL, NULL, NULL, 0, '0', NULL, '2024-07-22 20:25:42', '2024-07-22 20:25:42'),
(71, NULL, 'TIB Development Bank', NULL, '-', 3, 216, 'invest@rasilimali.tib.co.tz', 754232035, NULL, 1, 0, 0, 0, 1, NULL, 'Building No.3, Mlimani City , Office Park,Sam Nujoma Road', 'https://www.tib.co.tz', '-', '', 'TIB RASILIMALI LIMITED (formerly known as RASILIMALI LIMITED) was incorporated on 4 February, 1980 vide certificate of incorporation No.7586 as a wholly owned subsidiary company of TIB Development Bank Limited (formerly known as Tanzania Investment Bank – TIB). Initially established to be a property developer, Rasilimali was transformed into a Financial Services and Securities Dealing Company when the Capital Markets and Securities Authority (CMSA) act of 1994, prohibited banks to undertake the activities of capital market operations unless under a separate independent company that would be regulated by the CMSA.\r\nTIB Rasilimali is a limited liability company established and operating under the Companies Act, Cap 212 of the laws of Tanzania and licensed to conduct the business of Capital Market operations being securities brokerage services, corporate finance and investment advisory in Tanzania. The firm’s registered office is located at Building No.3, Mlimani City , Office Park,Sam Nujoma Road , P. O. Box 9154, Dar es Salaam. TIB Rasilimali is a subsidiary of TIB Development Bank and a member of the TIB Group, as such the firm’s ultimate shareholder is the Government of Tanzania, TIB Rasilimali is thus further governed by the respective laws and directives for State Owned institutions.\r\nThe firm first obtained its Capital Markets operator licenses since October 1997, is one of the oldest Brokerage and Advisory firms in the market, the only public sector institution that is a licensed dealing member of the Dar es Salaam Stock Exchange and the only brokerage firm affiliated to a Bank.', NULL, NULL, NULL, 0, '0', NULL, '2024-07-22 20:34:08', '2024-07-22 20:34:08'),
(72, NULL, 'Community banks', NULL, '-', 3, 216, 'info@icba.org', 2026598111, NULL, 1, 0, 0, 0, 1, NULL, 'Dar es Salaam', 'https://www.icba.org', '-', '', 'A community bank is a depository or lending institution that primarily serves businesses and individuals in a small geographic area. Community banks tend to emphasize personal relationships with their customers.\r\nThese smaller banks typically don\'t have the product range or branch networks available at larger institutions, and often provide loans to local businesses and individuals who may not qualify based on the more standardized criteria used by big banks.\r\nKEY TAKEAWAYS\r\nThere is no clear-cut definition for \"community bank,\" although they generally are smaller banks that serve customers in a specific geographic area.\r\nCommunity banks tend to emphasize relationships and even family histories when making lending decisions, whereas larger banks rely more on credit scores, income, and other quantitative data.\r\nBecause community banks are typically locally owned and managed, proponents argue they are not beholden to Wall Street like their larger counterparts.', NULL, NULL, NULL, 0, '0', NULL, '2024-07-23 14:59:46', '2024-07-23 14:59:46'),
(73, NULL, 'Kilimanjaro Cooperative Bank', NULL, '-', 3, 216, 'info@kcblbank.co.tz', 272754470, NULL, 1, 0, 0, 0, 1, NULL, 'Head office. P.o.box 1760-Mawenzi Road,Moshi Kilimanjaro/Tanzania', 'https://kcblbank.co.tz', '-', '', 'KCBL is a cooperative society and a bank. It was founded in 1994 to meet  the financial needs of cooperative societies in the Kilimanjaro Region that were not being met by existing commercial banks. KCBL was granted a bank license in 1995 and began operation in 1996.\r\nKCBL membership is open to all registered cooperative societies in Tanzania, as well as individuals, groups, companies, and government and non-government organizations. Banking services are  open to the general public.\r\nKCBL Bank exists to provide efficient and appropriate financial and other services to cooperatives and their surrounding community in its area of operation.', NULL, NULL, NULL, 0, '0', NULL, '2024-07-23 15:21:22', '2024-07-23 15:21:22'),
(74, NULL, 'Maendeleo Bank Plc', NULL, '-', 3, 216, 'Info@maendeleobank.co.tz', 800750089, NULL, 1, 0, 0, 0, 1, NULL, 'Head Office, Luther House  P.O.Box 216, Dar es Salaam', 'https://maendeleobank.co.tz', 'Together in Proogress', '20240723102746.png', 'MAENDELEO BANK PLC is the result of a strategical decision made by the Evangelical Lutheran Church in Tanzania-Eastern and Coastal Diocese in 2008. Maendeleo Bank Plc. (MB) was registered as a Limited Company in February 2011, later changed to Public Limited Company in June 2013\r\nOn September 9th 2013, Maendeleo Bank PLC., started business as a regional bank. The bank was issued with a license number NBA 00026 to carry out banking business. Maendeleo Bank became the first company and bank in Tanzania to be listed at the Dar es Salaam Stock Exchange Plc (DSE) through the Enterprise Growth Market Window and hence became a Public Limited Company (PLC) from its start. Since then, the bank has been targeting micro, small and medium enterprise markets in Dar es Salaam. Since its launch of operations in September 2013, MB has maintained the underlying vision of building a Tanzanian bank for Tanzanian enterprises.\r\nIts core objective is to create investment value to its shareholders and optimize the growth of the bank through synergies and common development plans. Along with this, the bank is set to deliver excellence by serving customers with efficiency and courtesy.The Micro, SME and middle corporate segments are the bank’s preferred markets. The bank targets customers who operate with a modest risk profile and have a fairly well defined structure.', NULL, NULL, NULL, 0, '0', NULL, '2024-07-23 15:27:46', '2024-07-23 15:27:46'),
(75, NULL, 'Mufindi Community Bank Plc (MuCoBa)', NULL, '-', 3, 216, 'mucoba@satconet.net', 262772165, NULL, 1, 0, 0, 0, 1, NULL, 'The General Manager Mufindi Community Bank Ltd (MuCoBa) P. O. Box 147 Mafinga Tanzania', 'http://www.mucobatz.com', '-', '', 'MuCoBa was established in December 1998 and was the first Community bank operating in Tanzania that was under the supervision of the Bank of Tanzania. The objective of establishing MuCoBa was to provide financial services to the low and medium income earners in Mufindi district especially in rural areas.\r\n\r\nMuCoBa is not standing alone. Since the services of MuCoBa are directly linked with the society (community members), it collaborates with other stakeholders. These stakeholders include the government, the NGOs, various companies, donors and development programmes.\r\n\r\nThe number one priority for MuCoBa are its clients. MuCoBa\'s mission is to provide quality and appropriate financial services that help in creating employment to the community and wealth to shareholders and clients.\r\n\r\nSince 2000 MuCoBa steadily grew. MuCoBa aims at improving its growth in order to expand outreach and serve more community members.\r\nYou\'re kindly invited to read and learn more about MuCoBa on the other pages of the website.', NULL, NULL, NULL, 0, '0', NULL, '2024-07-23 15:32:19', '2024-07-23 15:32:19'),
(76, NULL, 'Tandahimba Community Bank Limited', NULL, '-', 3, 216, 'info@tacobabank.co.tz', 232410093, NULL, 1, 0, 0, 0, 1, NULL, 'Plot No. 539 Block C, Namikupa Road, Mji Mpya Area, P.O Box 06, Tandahimba, Mtwara. Tanzania, East Africa', 'www.tacobabank.co.tz', '-', '', 'Tandahimba Community Bank is a profit making community bank which was registered as a business entity in 2005 and was registered and licensed by the Bank of Tanzania as a community bank in year 2008 to carry out financial services in Mtwara region.\r\nThe shareholders of the bank includes Tandahimba, Newala, Masasi and Mtwara Rural District Councils, Tanzania Growth-Registered Trustees, The Tandahimba Newala Cooperative Union (TANECU), Primary Schools, SACCOS & AMCOS, Village Councils, NGO and Individuals.\r\nTandahimba Community Bank Plc headquarter office found at Tandahimba-Mtwara region, currently owns one branch at Tandahimba', NULL, NULL, NULL, 0, '0', NULL, '2024-07-23 15:36:39', '2024-07-23 15:36:39'),
(77, NULL, 'Uchumi Commercial Bank Limited', NULL, '-', 3, 216, 'customerservice@uchumibank.co.tz', 272755152, NULL, 1, 0, 0, 0, 1, NULL, 'ELCT-ND Building, Market Street Opposite Bus Terminal P.O.Box 7811 Moshi - Tanzania', 'https://uchumibank.co.tz', '-', '', 'Uchumi Commercial Bank (UCB) Ltd started as an initiative of The Evangelical Lutheran Church in Tanzania Northern Diocese (ELCT-ND) following decision of the ELCT-ND 183 Executive Council meeting in 2002. On 16th September 2005 UCB was formally incorporated as a Company Limited by shares under the Companies Act. It was issued with a license to operate as a regional unit bank on 19th September 2005 by the Bank of Tanzania under the Banking and Financial Institutions Act, providing all normal commercial banking services in Northern Tanzania, principally in Kilimanjaro Region.', NULL, NULL, NULL, 0, '0', NULL, '2024-07-23 15:41:06', '2024-07-23 15:41:06'),
(78, NULL, 'Microfinance banks', NULL, 'Active', 3, 216, 'info@bot.go.tz', 222232541, NULL, 1, 0, 0, 0, 1, NULL, '16 Jakaya Kikwete Road 40184 P.O Box 2303 Dodoma Tanzania', 'https://www.bot.go.tz', '-', '20240723105237.png', 'Microfinance is a of financial services targeting individuals and small businesses who lack access to conventional banking and related services. Microfinance includes microcredit, the provision of small loans to poor clients; savings and checking accounts; microinsurance; and payment systems, among other services. Microfinance services are designed to reach excluded customers, usually poorer population segments, possibly socially marginalized, or geographically more isolated, and to help them become self-sufficient. Ghana is an example of a microfinance institution.at is consistent with ethical lending practices.', NULL, NULL, NULL, 0, '0', NULL, '2024-07-23 15:52:37', '2024-07-23 15:52:37'),
(79, NULL, 'Mwanga Hakika Microfinance Bank', NULL, '-', 3, 216, 'info@mhbbank.co.tz', 747666511, NULL, 1, 0, 0, 0, 1, NULL, '16th Floor, Mwanga Tower, Plot No. 1 & 50, Block 45A Kijitonyama, New 11735, Bagamoyo Rd, Dar es Salaam', 'https://mhbbank.co.tz', '-', '', 'Mwanga Hakika Bank Limited (MHB) came in into existence in 2020 as a result of merging three entities of Mwanga Community Bank Limited, Hakika Microfinance Bank Limited and EFC Tanzania Microfinance Bank. The bank offers financial service to Individuals, Micro, Small and Medium Enterprises (MSME), as well as Corporate Clients.\r\nWe offer wide range of services and products which they can be essential to an individual, business and  organization.\r\nMHB is eager to create individuals who are professional and have innovative financial solutions who are willing to work extra beyond risk for the benefits of the Bank.', NULL, NULL, NULL, 0, '0', NULL, '2024-07-23 15:59:23', '2024-07-23 15:59:23'),
(80, NULL, 'VisionFund Tanzania Microfinance Bank', NULL, '-', 3, 216, 'info@vftz.co.tz', 800258723, NULL, 1, 0, 0, 0, 1, NULL, 'VisionFund Tanzania Microfinance Bank Ltd. Headquarter, Afrika Mashariki Road  Arusha International Conference Center (AICC), Fifth Floor , Serengeti Wing P.O Box 1546, Arusha, Tanzania', 'www.vftz.co.tz', '-', '', 'VisionFund Tanzania is owned by VisionFund International, World Vision’s microfinance subsidiary. VisionFund International is differentiated by its integrated approach in working with World Vision’s community-based development efforts to address rural poverty. \r\nVisionFund Tanzania (VFT) is currently the fourth largest and the most rapidly growing Microfinance Institution (MFI) in Tanzania. It also has the highest quality portfolio, some of the most efficient operations (second lowest cost per borrower) and is solidly self-sustainable. VisionFund Tanzania is further characterised by a strong reputation in the marketplace for integrity and client care, as well as the quality of its board and senior management.', NULL, NULL, NULL, 0, '0', NULL, '2024-07-23 16:03:53', '2024-07-23 16:03:53'),
(81, NULL, 'Yetu Microfinance Bank PLC', NULL, '-', 3, 216, 'info@yetumfplc.co.tz', 754376122, NULL, 1, 0, 0, 0, 1, NULL, 'Kiungani Street, 2nd Floor Mkunazini Building P.O.Box 75379 Dar es Salaam, Tanzania', 'www.yetumfpl.co.tz', '-', '', 'Yetu Microfinance Bank Plc is a microfinance bank in Tanzania, providing financial products and services to unbanked and under-banked communities. The company offers solidarity group loans for clients in an organised group, as well as loans for individuals, students, mixed farming and smallholding farmers and small-and-medium enterprises. Yetu Microfinance Bank also offers financial services for international and domestic money transfers and payments, and mobile banking and ATM services. Its deposit products comprise compulsory (collateral) savings and voluntary deposits. Yetu Microfinance Bank has branches in Mzizima, Mbagala Ifakara, Zanzibar, Kilwa and Mngeta.\r\nYetu Microfinance Bank Plc is listed on the Dar es Salaam Stock Exchange.', NULL, NULL, NULL, 0, '0', NULL, '2024-07-23 16:14:53', '2024-07-23 16:14:53'),
(82, NULL, 'University Of Dar Es Salaam', NULL, '-', 27, 216, 'vc@udsm.ac.tz', 753469546, NULL, 1, 0, 0, 0, 1, NULL, 'University of Dar es Salaam Mwalimu Julius Nyerere Mlimani Campus P.O.Box 35091 Dar es Salaam Tanzania', 'www.udsm.ac.tz', '-', '20240724075029.png', 'The University of Dar es Salaam is the oldest and biggest public university in Tanzania. It is situated on the western side of the city of Dar es Salaam, occupying 1,625 acres on the observation hill, 13 kilometers from the city centre. It was established on 1st July 1970, through parliament act no. 12 of 1970 and all the enabling legal instruments of the constituent colleges.\r\nThe University of Dar es Salaam, Directorate of Internationalization, Convocation, and Advancement is the designated office on campus to provide information on application, admission, visas and permits to all international students, scholars and researchers from different countries. \r\n\r\nThe University of Dar es Salaam values the presence of international students and scholars and recognizes the important role they play in the life of the university. We have a rich tradition of welcoming international visitors from all parts of the world and the DICA staff is welcoming you and is committed to providing quality service and ensure a smooth settling at UDSM.', NULL, NULL, NULL, 0, '0', NULL, '2024-07-24 12:50:29', '2024-07-24 12:50:29'),
(83, NULL, 'Kampala International University in Tanzania (KIUT)', NULL, '-', 27, 216, 'info@kiut.ac.tz', 768000808, NULL, 1, 0, 0, 0, 1, NULL, 'Kampala Road No. 2, Off Nyerere Road, Ilala City, 1112', 'https://kiut.ac.tz', '-', '20240724075718.jpg', '\"We\'re an international university, offering quality degree and non-degree education in the health, business, ICT, law, education and social sciences fields, both directly and online through distance learning with expansion plans in the pipeline to provide Tanzania with quality graduates of international repute. Currently, we provide courses in medicine, medical lab, pharmacy, marketing, human resources, procurement & supply, accounting, banking & finance, social sciences, IT, computer science, law, education, public administration and a lot more to mention a few. Learning is complemented by adequate facilities such as libraries, conducive & beautiful scenery, hostels, dispensary, and also our diverse, highly qualified and amazing workforce.\"', NULL, NULL, NULL, 0, '0', NULL, '2024-07-24 12:57:18', '2024-07-24 12:57:18'),
(84, NULL, 'St. Joseph University in Tanzania', NULL, '-', 27, 216, 'info@sjuit.ac.tz', 673287723, NULL, 1, 0, 0, 0, 1, NULL, 'St. Joseph University In Tanzania P.O. Box 11007, Dar es Salaam, Tanzania.', 'https://www.sjuit.ac.tz', '-', '20240724080532.png', 'St. Joseph University In Tanzania (SJUIT) is a renowned University in Tanzania currently with three active colleges, two at its Mbezi-Luguruni Campus and one at its Boko campus.\r\n\r\nThe colleges at the Mbezi-Luguruni campus offer Degree and Ordinary Diploma programmes in various fields of Engineering and Sciences and Mathematics Education.\r\n\r\nThe college at the Boko campus offers MD (Doctor of Medicine), Pharmaceutical Sciences and Nursing programmes.\r\nSJUIT has secured the position as the UNIVERSITY OF CHOICE, when it comes to engineering, ICT, science education, medical and paramedical related studies in Tanzania. SJUIT is a university of choice not just for students alone but also for parents alike, as well as the labour market.\r\n\r\nThe university owes its existence and operations to its mission which focuses on Capacity Building by offering Quality Employable Education. The products of the university are well sought in the labour market for their mantle, discipline and dedication. SJUIT produces the leaders of the country, who are well-known for their discipline, knowledge, skill, loyalty and integrity.\r\nThe university boasts of a team of professionals who are dedicating their time in the development of the youth. The team is drawn from local and abroad alike.', NULL, NULL, NULL, 0, '0', NULL, '2024-07-24 13:05:32', '2024-07-24 13:05:32'),
(85, NULL, 'Tumaini University Dar es Salaam College.', NULL, '-', 27, 216, 'vc@dartu.ac.tz', 222701316, NULL, 1, 0, 0, 0, 1, NULL, 'The Vice Chancellor Dar es Salaam Tumaini University P. O. Box 77588 Dar es Salaam, Tanzania.', 'www.dartu.ac.tz', '-', '20240724081719.png', 'Welcome to the DarTU Website which has been recently populated with up to date information. The reader will find most and very useful information about DarTU on this website. The website design and contents reflect DarTU’s commitment to achieving vibrancy and dynamism in carrying out its key processes, and to excellence and competitiveness of its deliverables to stakeholders. Through its Rolling Strategic Plan (RSP) 2024-2029, DarTU seeks to develop three distinguishing characteristics among higher learning institutions in Tanzania. First, DarTU wishes to distinguish itself as an institution “Where Morals, Positive Mindset and Attitudes are Inculcated for Assured Students Learning and Responsible Citizenry”.', NULL, NULL, NULL, 0, '0', NULL, '2024-07-24 13:17:19', '2024-07-24 13:17:19'),
(86, NULL, 'Chuo Kikuu Huria cha Tanzania (OUT)', NULL, '-', 27, 216, 'vc@out.ac.tz', 222668992, NULL, 1, 0, 0, 0, 1, NULL, 'P.O.BOX 23409,KINONDONI-Dar Es Salaam', 'www.out.ac.tz', 'Affordable quality Education for All', '20240724082529.jpg', 'The Open University of Tanzania (OUT) is a fully fledged, autonomous and accredited public University, established by an Act of Parliament Number 17 of 1992. The Act became operational on 1st March 1993 by the publication of Government Notice No. 55 in the Official Gazette. The first Chancellor was officially installed in a full ceremony on 19th January 1994 and the first batch of students was admitted in January 1994. In January 2007, following enactment of the Universities Act No. 7 of 2005, OUT started using the OUT Charter and Rules (2007) for its operations.\r\n\r\nThe Open University of Tanzania offers its certificate, diploma, degree and postgraduate courses through the open and distance learning system which includes various means of communication such as face-to-face, broadcasting, telecasting, correspondence, seminars, e-learning as well as a blended mode which is a combination of two or more means of communication. The OUT’s academic programmes are quality-assured and centrally regulated by the Tanzania Commission for Universities (TCU).\r\n\r\nOUT Headquarters are temporarily located off-Kawawa Road in Kinondoni Municipality, Dar es Salaam. The permanent headquarters are under constructions at Bungo in Kibaha District, off-Soga Road, about 4.0 Km from the main Morogoro highway in Coast Region.\r\n\r\nOUT operates through a network of about 30 Regional Centres; 10 Coordinating Centres, of which one is in Zanzibar and one in Pemba; two are in Kenya (Egerton and Njoro), one is in Rwanda (Kibungo), one in Namibia and one in Uganda. Other OUT Internal Coordination Centres are the African Council for Distance Education – Technical Collaboration Committee (ACDE TCC), the Centre for Economics and Community Economic Development (CECED) and the SADC Centre of Specialization in Teacher Education (SADC ODL CoS TE). OUT has also 69 Study Centres spread throughout the United Republic of Tanzania.', NULL, NULL, NULL, 0, '0', NULL, '2024-07-24 13:25:29', '2024-07-24 13:25:29'),
(87, NULL, 'Muhimbili University of Health and Allied Sciences', NULL, '-', 27, 216, 'vc@muhas.ac.tz', 222151596, NULL, 1, 0, 0, 0, 1, NULL, 'P.O.BOX 65001, Muhas-Dar Es Salaam', 'https://muhas.ac.tz', '-', '20240724084225.png', 'A Brief History of MUHAS The Muhimbili University of Health and Allied Sciences (MUHAS) started as the Dar es salaam medical school in 1963. The school then transformed into the faculty of medicine of the university of Dar es salaam that in 1991 was upgraded and became a college–the Muhimbili University College of Health Sciences (MUCHS). In 1996, the Faculty of Medicine that was upgraded to a constituent College of the University of Dar es Salaam, with the aim of nurturing it to a full-fledged university later on was merged with the Muhimbili hospital to create the Muhimbili Medical Centre (MMC). Over the years MUCHS made significant achievements in terms of increased student enrollment and development of several new academic programmes. The Parliament Act No 9 of 1991 that established MUCHS was repealed in 2005 through the universities Act no 7 of 2005.Subsequently, in 2007Article 1 of the Charter of Incorporation established MUHAS; in line with the Universities act no 7 of 2005. The objectives of the University are the advancement of knowledge, diffusion and extension of technology and learning, the provision of higher education and research and, so far as is consistent with those objectives, the nurturing of the intellectual, aesthetic, social and moral growth of the students at the University. MUHAS has one campus Muhimbili Campus situated in Ilala Municipality, in upanga along United Nations Road. MUHAS has other facilities including the Bagamoyo Teaching Unit in Bagamoyo district. This facility was established for the purpose of training students during field studies. The unit has a total area of 46,085.7 square metres which has been developed by construction of residential houses, classroom, laboratory, hostel and canteen.\r\nMUHAS has a range of programmes in biomedical, clinical and allied health sciences. These programmes are taught in the five Schools and one academic Institute of the University. The office of Deputy Vice Chancellor Academics, Research and Consultancy coordinates teaching of all academic programmes. The Directorate of Information Communication Technology (ICT) and Library Services provide cross-cutting support to all University units in information, communication and technology information management. 1963-1967 : Dar es Salaam Medical School 1968-1969 : Faculty of Medicine, Dar es Salaam University College of the University of East Africa 1970-1990 : Faculty of Medicine, University of Dar es Salaam (UDSM) 1976-1990 : Faculty of Medicine incorporated in Muhimbili Medical Centre 1991-2006 : Muhimbili University College of Health Sciences (MUCHS), constituent College of UDSM 2007-Todate :Muhimbili University of Health and Allied Sciences (MUHAS)', NULL, NULL, NULL, 0, '0', NULL, '2024-07-24 13:42:25', '2024-07-24 13:42:25'),
(88, NULL, 'Aga Khan University - Tanzania Institute of Higher Education - Medical College', NULL, '-', 27, 216, 'dean.mcea@aku.edu', 222115151, NULL, 1, 0, 0, 0, 1, NULL, 'P.O. Box 38129 Dar es Salaam, Tanzania', 'https://www.aku.edu', '-', '20240724085125.jpg', 'Medical College, East Africa\r\nEstablished in 2004, the Aga Khan University Medical College in East Africa seeks to provide high quality education for health professional leaders who will then go on to become reputable specialists generating a positive and lasting impact in the lives of their patients and in the communities they serve.\r\nOur goal is to produce health professional leaders through our unique training programmes, building strong research programmes, supporting best practice in the delivery of health services, and contributing to the broader community through strategic partnerships regionally and globally.\r\nWe aspire to build for the youth of East Africa, a medical college of international quality, providing them with the opportunity to get the best health professional education that is relevant and has impact across East Africa, and indeed, in the world.\r\nWelcome to the Aga Khan University Medical College, East Africa, where we consistently convert possibilities into reality!', NULL, NULL, NULL, 0, '0', NULL, '2024-07-24 13:51:25', '2024-07-24 13:51:25');
INSERT INTO `businesses` (`id`, `job`, `business_name`, `business_title`, `business_registration`, `category_id`, `country_id`, `business_email`, `business_phone`, `user_id`, `status`, `claim`, `verify`, `transfer`, `display`, `account`, `headquarters`, `website`, `slogan`, `logo`, `description`, `letter`, `business_licence`, `company_reg`, `total_review`, `total_rating`, `deleted_at`, `created_at`, `updated_at`) VALUES
(89, NULL, 'Ardhi University Tanzania', NULL, '-', 27, 216, 'aru@aru.ac.tz', 673287723, NULL, 1, 0, 0, 0, 1, NULL, 'Ardhi University , P. O. Box 35176, Observation Hill, Plot No. 3, Block L, University Road.', 'https://www.aru.ac.tz', '-', '20240724090405.jpg', 'Ardhi University Campus is located in Dar es Salaam along University Road adjacent to the University of Dar es Salaam approx. 12.00 Kilometres from the Dar es Salaam City Centre.  The University is within the proximity several other academic Institutions, viz; Rwegarulila Water Resources Institute, The National Institute of Transport, The Institute of Social Welfare and the National Tax Institute.\r\n\r\nValues\r\nIn order for ARU to achieve its Vision and accomplish its vision it will subscribe to the following values:\r\nIntegrity: ensuring that all academic outputs are produced in line with high standards of personal and scholarly conduct enhanced by honesty, transparency, quality control and assurance measures;\r\nCreativity: striving to embrace new ideas, technologies and innovative ways of operations in order to contribute towards socio-economic development;\r\nExcellence: ensuring top quality are embedded in training and learning, research and public services;\r\nEquity: ensuring equal opportunities and non-discrimination on the basis of personal, ethnic, religious, class, gender or any other social characteristics;\r\nTeamwork: aiming at working diligently as a team while nurturing one another so as to achieve common organization objectives;\r\nInternationalization: ensuring smooth working with regional and global partners to address issues pertinent to local and international community; and\r\nProfessionalism: ensuring culmination of skills, knowledge, competences, quality, altitude and good conduct in all undertakings;', NULL, NULL, NULL, 0, '0', NULL, '2024-07-24 14:04:05', '2024-07-24 14:04:05'),
(90, NULL, 'Hubert Kairuki Memorial University (HKMU)', NULL, '-', 27, 216, 'info@hkmu.ac.tz', 713278060, NULL, 1, 0, 0, 0, 1, NULL, '70 Chwaku Streat - Mikocheni, P.O. Box 65300, Dar Es Salaam, Tanzania', 'https://www.hkmu.ac.tz', '-', '20240724092734.png', 'Kairuki University (KU) is fully accredited and chartered Higher Learning Institution, recognized in the United Republic of Tanzania, through the Tanzania Commission for Universities (TCU).\r\nFormally known as Mission Mikocheni Hospital (MMH), Kairuki Hospital is a service delivery company that provides healthcare services to the general public, government agencies, international agencies, NGO’s, insurance companies, self-insured employees, and uninsured individuals. The main objective for the hospital’s establishment was to provide comprehensive, high quality, accessible, and affordable healthcare services utilizing competent professionals and modern technology. During the 30 years of its existence, the hospital has managed to build up an impressive reputation thereby creating a substantial customer base. Kairuki Hospital offers referral medical services in addition to normal healthcare and preventive health checks for both in and out patients. Besides offering general and specialist medical services, Kairuki Hospital serves as the teaching hospital for its two sister institutions namely Hubert Kairuki Memorial University (HKMU) and Kairuki School of Nursing (KSN). Health education and prevention of diseases are also included in the program of care. There are Maternal and Child Health Clinics in the hospital. We run free-of-charge mobile RCH clinics at the Mikocheni Village and the Boko peri urban area on Mondays, Thursdays and Friday every week. We are at the forefront of medical technology and expertise and do provide a broad range of the latest diagnostic, medical and surgical facilities for the care of our patients. The skilled nurses, technicians, and support staff at Kairuki Hospital, aided by state-of-the-art equipment provide a suitable infrastructure for the medical professionals in providing health care of high standards. Every day our endeavor is to go beyond the level of our effort and set a new benchmark of caring and curing.', NULL, NULL, NULL, 0, '0', NULL, '2024-07-24 14:27:35', '2024-07-24 14:27:35'),
(91, NULL, 'St. Augustine University Of Tanzania', NULL, '-', 27, 216, 'sautmalimbe@saut.ac.tz', 736200943, NULL, 1, 0, 0, 0, 1, NULL, 'P.O.BOX 307,  Malimbe-Mwanza Tanzania', 'https://www.saut.ac.tz', 'Building the City of God', '20240724093437.png', 'St. Augustine University of Tanzania (SAUT) was established in 1998. It is the successor of the Nyegezi Social Training Institute (NSTI) founded in 1960 by the Catholic White Fathers (currently known as the Missionaries of Africa). This was under the initiative of Bishop Joseph Blomjous of the Mwanza Diocese.\r\nThe University extends to over 600 acres in the Nyegezi- Malimbe area 10 km south of Mwanza City. It lies 4 km off the Mwanza- Shinyanga road on the shores of Lake Victoria. As part of Tanzania’s central highlands (1140 m above the sea level), the area to the south of Lake Victoria is noted for its moderate temperatures. Mwanza can be reached from other parts of Tanzania and East Africa by train, air, ferry and highways', NULL, NULL, NULL, 0, '0', NULL, '2024-07-24 14:34:37', '2024-07-24 14:34:37'),
(92, NULL, 'Catholic University Of Health And Allied Sciences', NULL, '-', 27, 216, 'vc@bugando.ac.tz', 282500881, NULL, 1, 0, 0, 0, 1, NULL, 'CUHAS, P.O. Box 1464 Mwanza, Tanzania', 'https://www.bugando.ac.tz', '-', '20240724094044.png', 'For the next three academic years 2019/2020 to 2021/2022, which coincides with the Vice Chancellor’s second term; The University’s focus will be to make further investment in facilitating high quality training, relevant and impactful research and consultancy services that continue to drive us towards realising our Mission.We have challenged ourselves to continue improving the learning and social envornment for our students including investing in a modern Students’ Centre and a Post-graduate Block. We will continue to recruit the much needed qualified faculty and support staff to increase out capacity in quality service delivery. Furthermore, we shall maintain our compliance to regulatory standards as benchmarks, while differentiating ourselves from our competitors by providing a modern, efficient and friendly learning envirnment, and retaining the learning experience that is unique to Bugando. The University has introduced a new Bachelors degree in Medical Imaging & Radiotherapy and a Masters degree in Clinical Microbiology & Molecular Biology . In the next three years we plan to start other new programmes including Masters of Science in Epidemiology & Health Research, Master of Medicine in Pathology, Master of Medicine in Orthopedics & Trauma, and other Super-specialized programmes.The goal is to address the identified professional gaps in the health sector while increasing career opportunities for students from around the Lake Zone, elsewhere in Tanzania and beyond. CUHAS is a place where students are educated to become responsible, caring professionals and law-abiding citizens, during and after training. All students should expect this as part and parcel of your everyday professional upbringing, as you diligently work to attain good grades. Discipline, Diligence and Excellence should be aspirational qualities for every student who chooses to study at CUHAS. We hope that your time at CUHAS will be a productive, positively memorable and a worthwhile investment in your future career and life in general.', NULL, NULL, NULL, 0, '0', NULL, '2024-07-24 14:40:44', '2024-07-24 14:40:44'),
(93, NULL, 'University of Dodoma', NULL, '-', 27, 216, 'info@udom.ac.tz', 262310003, NULL, 1, 0, 0, 0, 1, NULL, 'Benjamin Mkapa road, 41218 Iyumbu, Dodoma.', 'https://www.udom.ac.tz', '-', '20240724094824.png', 'The University of Dodoma was established in 2007 as a collegiate university with three colleges: Humanities and Social Sciences, Informatics and Virtual Education, and College of Education. Subsequently, the College of Natural and Mathematical Sciences, Health Sciences, Earth Sciences, and recently, the College of Business Studies and Law were established. The formation of the seven colleges has been consistent with the University of Dodoma Charter and Rules, 2007, which envisioned the University structure to operate under campus-colleges mode. In order to ensure smooth operations of the University, there has been the decentralization of University administration to the campus colleges. Except for some crosscutting issues, the colleges are semi-autonomous as stipulated in the University Charter of Dodoma Charter and Rules, 2007.\r\n\r\nFrom its humble beginnings with 1,200 students in 2007/2008, the student population has grown swiftly to 25,000 pursuing various degree and non-degree programmes. While we find this is a great achievement, considerable care is being taken to ensure that the fast growth does not compromise the quality of our graduates. UDOM is designed to host 40,000 students at full capacity; this number will probably be reached after 2020.\r\n\r\nThe University of Dodoma provides a unique environment for teaching, learning, research, and public services to ensure a memorable and lifetime experience. Additionally, since the quality of student experience is as well a function of other factors in addition to academic pursuits, UDOM encourages students to engage in various activities of the student union by capitalising on the available sports and recreational facilities in the colleges. While at the university, students should cherish the motto “We shall solve our problems through dialogue”, and UDOM expects the motto to continue inspiring the university community in the future.', NULL, NULL, NULL, 0, '0', NULL, '2024-07-24 14:48:24', '2024-07-24 14:48:24'),
(94, NULL, 'St.John\'s University of Tanzania', NULL, '-', 27, 216, 'admissions@sjut.ac.tz', 633280846, NULL, 1, 0, 0, 0, 1, NULL, 'P. O. Box 47 Dodoma', 'https://www.sjut.ac.tz', 'TO LEARN TO SERVE', '20240724095749.png', 'I am pleased to welcome you to St John’s University ofTanzania (SJUT) located in Dodoma, the capital city of Tanzania. Our university is a Christian Prof msanjilaoriented university owned by the Anglican Church of Tanzania (ACT).The university does not discriminate on the basis of religion, race, gender identity or any other divisive characteristics. The St John’s University of Tanzania is an appropriate choice for you to undergo training and fulfill your future expectations a s it offers a wide range of academic programmes as shown on our website. We offer a holistic education for your intellectual, social and spiritual growth. Our motto is: TO LEARN TO SERVE. We welcome you to study at St John’s University of Tanzania.', NULL, NULL, NULL, 0, '0', NULL, '2024-07-24 14:57:49', '2024-07-24 14:57:49'),
(95, NULL, 'College of Business Education', NULL, '-', 27, 216, 'rector@cbe.ac.tz', 222150177, NULL, 1, 0, 0, 0, 1, NULL, 'CBE Matrons Residence, Bibi Titi Mohammed St, Dar es Salaam', 'https://www.cbe.ac.tz', '-', '20240724100546.png', 'The College of Business Education (CBE) was established in 1965 by the Act of Parliament No. 31 of 1965. The College operates under the Ministry of Industry and Trade. The College has four campuses in Dar es salaam, Dodoma, Mwanza Our institution boasts a team of exceptional lecturers and researchers who have received their education from prestigious universities across Asia, Europe, and America. Our academic staff comprises alumni from renowned institutions such as Melbourne University in Australia, KwaZulu-Natal University in South Africa, Alberta University in Canada, Aachen University and Freiburg University in Germany, Stockholm University in Sweden, Dalian University and Dangobei University in China, Eastern Finland University, Southwestern University of Finance and Economics in China, Saint Petersburg State University in Russia, Andhra and Kerala University in India and Mbeya.', NULL, NULL, NULL, 0, '0', NULL, '2024-07-24 15:05:46', '2024-07-24 15:05:46'),
(96, NULL, 'Zanzibar University', NULL, '-', 27, 216, 'info@zanvarsity.ac.tz', 772601303, NULL, 1, 0, 0, 0, 1, NULL, 'Tunguu - Zanzibar.', 'https://www.zanvarsity.ac.tz', 'The spring knowledge and virtue', '20240724101451.jpg', 'The Zanzibar University, the first University on the Isles, is a private institution sponsored by Darul Iman Charitable Association (DICA). The main campus is situated at Tunguu area, in the Central District, some 19 kilometers from Zanzibar Town.\r\nThe University campus, with a total area of 69 hectares of land, is located among pleasant and quiet countryside surroundings overlooking vast expanses of deep blue waters of Indian Ocean.\r\nIt is an ideal place for serious academic work and research. Public transport from Zanzibar Town will bring you to the University campus gates. Private cars are also common..', NULL, NULL, NULL, 0, '0', NULL, '2024-07-24 15:14:51', '2024-07-24 15:14:51'),
(97, NULL, 'The State University of Zanzibar Vuga Campus.', NULL, '-', 27, 216, 'vc@suza.ac.tz', 242230724, NULL, 1, 0, 0, 0, 1, NULL, 'Vuga Rd, Zanzibar', 'https://suza.ac.tz', '-', '', 'I am extremely delighted to welcome you all to the State University of Zanzibar (SUZA). We strongly recommend that you read this document carefully and with interest so that you may know SUZA and satisfy your curiosity. We are profoundly delighted that you have chosen to invest in your future with us.\r\nIt is my sincere hope that you will find it resourceful and you will endeavour to make full use of it during your stay at this University. This prospectus provides guidance for academic programmes, examination rules, and other academic regulations and requirements.', NULL, NULL, NULL, 0, '0', NULL, '2024-07-24 15:19:12', '2024-07-24 15:19:12'),
(98, NULL, 'University College of Education Zanzibar', NULL, '-', 27, 216, 'info@sumait.ac.tz', 774635625, NULL, 1, 0, 0, 0, 1, NULL, 'Chukwani Zanzibar', 'https://www.sumait.ac.tz', '-', '', 'The University is located at Chukwani on the Islands of Zanzibar in the United Republic of Tanzania, about 5.5 kilometres from the seaport of the Zanzibar Old Stone Town, 2.5 kilometres from Abeid Karume International Airport and just 150 metres away from the West Coast of the Indian Ocean.\r\nThe University occupies an area of 120,000 square metres granted by the Revolutionary Government of Zanzibar. It is charmed by beautiful green scenery of trees and fragrance of blooming flowers. SUMAIT University is recognized by the Tanzania Commission for Universities (TCU) which approved it as a private University on 14th May 2014 at its 63rd Meeting held on 27th March, 2014.', NULL, NULL, NULL, 0, '0', NULL, '2024-07-24 15:25:58', '2024-07-24 15:25:58'),
(99, NULL, 'The State University of Zanzibar - School Of Health And Medical Sciences', NULL, '-', 27, 216, 'salma.mahmoud@suza.ac.tz', 773508003, NULL, 1, 0, 0, 0, 1, NULL, 'Box 146, Tunguu, Zanzibar.', 'https://suza.ac.tz', '-', '', 'The School of Health and Medical Science has now been expanded following merging with the College of Heath Science (CHS), Zanzibar which was established under Act No. 10 of 1998 of the House of Representatives as a semi autonomous organ. Traditionally, CHS is a continuation of Zanzibar Health Training School which was established in 1838. It was officially inaugurated in 1989 aiming at providing quality health services for improving life of people of Zanzibar.\r\nThe School of Health and Medical Sciences (SHMS) aims to establish the programs designed to produce the much needed health professionals for the internal and external uses. The overall objectives of the programs within the SHMS will be to produce quality and relevant health professionals, doctors, nurses, laboratory scientists,nad pharmacists who will be able to tackle the present and future health issues.\r\nAlso to provide human resources for health within and outside the region and identify , describe the most important health issues in the local and international context.', NULL, NULL, NULL, 0, '0', NULL, '2024-07-24 15:32:13', '2024-07-24 15:32:13'),
(100, NULL, 'Mount Meru University', NULL, '-', 27, 216, 'enquiry@mmu.ac.tz', 272502412, NULL, 1, 0, 0, 0, 1, NULL, 'P. O. BOX 11811 ARUSHA', 'www.mmu.ac.tz', '-', '', 'Mount Meru University (MMU) Courses Offered – Certificate, Diploma, Degree and Masters Mount Meru University (MMU) Courses.\r\n\r\nThe Mount Meru University (MMU) offers courses and programmes leading to the awards of certificates, diplomas, and degrees at both undergraduate and postgraduate levels. With this Post you will get to know at Courses offered at Mount Meru University (MMU) into Undergraduate, PhD,   Postgraduate, Diploma and Certificates.\r\n\r\nMount Meru University (MMU) Tanzania is among the leading training institutions in the country. The courses offered at the university include certificates, diploma, undergraduate and masters programs.', NULL, NULL, NULL, 0, '0', NULL, '2024-07-24 15:41:06', '2024-07-24 15:41:06'),
(101, NULL, 'Institute of Accountancy Arusha', NULL, '-', 27, 216, 'iaa@iaa.ac.tz', 272549264, NULL, 1, 0, 0, 0, 1, NULL, 'The Institute of Accountancy Arusha P.O.Box 2798 Njiro Hill, Arusha - Tanzania', 'https://iaa.ac.tz', '-', '', 'The Institute of Accountancy Arusha (IAA) is a parastatal educational institution under the Ministry of Finance and Planning originally established in 1987 to offer training for candidates aspiring to acquire National Board of Accountants and Auditors (NBAA) certification.\r\nThe Institute of Accountancy Arusha (IAA) is a parastatal educational institution under the Ministry of Finance and Planning originally established in 1987 to offer training for candidates aspiring to acquire National Board of Accountants and Auditors (NBAA) certification', NULL, NULL, NULL, 0, '0', NULL, '2024-07-24 16:46:17', '2024-07-24 16:46:17'),
(102, NULL, 'University Of Arusha UoA', NULL, '-', 27, 216, 'admission@uoa.ac.tz', 744952773, NULL, 1, 0, 0, 0, 1, NULL, 'PO Box 7 Usa-River, Arusha, Tanzania', 'https://uoa.ac.tz', '-', '', 'As the Chief Executive Officer (CEO) of this great institution of higher learning situated in Arusha, Tanzania, I would like to say “Karibu Sana” in our sweetest Swahili language to all who are waiting diligently to be a part of us.\r\n\r\nThe University of Arusha is no ordinary institution of higher learning. You can only truly understand how great it is after committing yourself to be a part of it as a student. It is an institution that transcends all boundaries, whether religious, economic, political, or social. It also stands beyond all “isms” because we believe that God created all men and women equal. This is the first characteristic of the University of Arusha. It is an institution that believes in the dignity of humanity.', NULL, NULL, NULL, 0, '0', NULL, '2024-07-24 16:51:44', '2024-07-24 16:51:44'),
(103, NULL, 'The Nelson Mandela African Institution of Science and Technology (NM-AIST)', NULL, '-', 27, 216, 'vc@nm-aist.ac.tz', 272970007, NULL, 1, 0, 0, 0, 1, NULL, '404 Nganana, 2331 Kikwe, Arumeru P.O.BOX 447, Arusha', 'https://nm-aist.ac.tz', '-', '', 'The Nelson Mandela African Institution of Science and Technology (NM-AIST) in Arusha is one in a network of Pan-African Institutions of Science and Technology located across Sub-Saharan Africa (SSA). These institutions, which are the proud brainchild of the late Nelson Mandela, envision training and developing the next generation of African scientists and engineers with a view to impacting profoundly on the continent\'s development through the application of Science, Engineering and Technology and Innovation (SETI).', NULL, NULL, NULL, 0, '0', NULL, '2024-07-24 17:01:59', '2024-07-24 17:01:59'),
(104, NULL, 'East & Southern African Management Institute', NULL, '-', 27, 216, 'mbd@esami-africa.org', 272970065, NULL, 1, 0, 0, 0, 1, NULL, 'P.O. Box 3030, Arusha, Tanzania', 'https://esami-africa.org', '-', '', 'ESAMI is a Pan African Regional Management Development Centre owned by ten-member governments from the Eastern and Southern African region. These include Eswatini, Kenya, Malawi, Mozambique, Namibia, Seychelles, Tanzania, Uganda, Zambia and Zimbabwe. It is a service and market-oriented institution offering high-level specialized management training and development programme, consultancy and action-oriented management research services.\r\n\r\nESAMI’s target clients are government, regional and international institutions, NGOs, parastatals, private sector and national training institutions in the Eastern and Southern African region. ESAMI is a market leader in the industry in Sub-Saharan Africa.\r\n\r\nIn May 1997, the United Nations Economic Commission for Africa (UNECA) officially designated ESAMI as ‘The African Centre of Excellence in Management Development”. With this recognition and enhanced mandate, fresh challenges were posed to the Institute. To meet Africa’s management challenge in the new millennium, ESAMI continues to provide high-quality, client-centered management training, consultancy, and research for clients from all over Africa.\r\n\r\nSince it became ESAMI in 1980, its performance record in all three areas (training, consultancy, and research) has expanded to meet the needs of the institutions operating in the region. For example, to date, over 85,000 middle and top-level personnel in the government, parastatal, NGOs and private sector organizations have attended management development programs offered by the Institute.\r\n\r\nIn addition, these managers/executives have been provided with opportunities to widen their horizons, improve executive skills, and understand management as a process of balanced judgment. The aim has always been to keep African Managers up-to-date with modern management thinking and at the same time enable them to take stock and examine their managerial or administrative responsibilities in the context of today’s dynamic environment.', NULL, NULL, NULL, 0, '0', NULL, '2024-07-24 17:10:25', '2024-07-24 17:10:25'),
(105, NULL, 'National College of Tourism (NCT), Arusha Campus', NULL, '-', 27, 216, 'ceo@nct.ac.tz', 738274574, NULL, 1, 0, 0, 0, 1, NULL, 'Shaaban Robert Street,        P.O.Box 9181, Dar-es-Salaam, Tanzania', 'https://nct.ac.tz', '-', '', 'National College of Tourism – Arusha Campus was established in 1993 by the harms Seidel Foundation of Munich Germany and the Arusha Municipal Council with the aim of providing appropriate vocational skills to students who would like to seek a career in the hotel industry. The college has been taken over by the Ministry of Natural Resources and Tourism on 4th July 2008 as part of its National College of Tourism.\r\nThe college is a member of AHSA (Association of Hotel Schools in Africa). Our mission along with the association is to promote an exchange of knowledge and experience amongst other member schools in order to attain the highest standards in hospitality training and also puts the college at almost similar level with other internationally recognized hotel schools.\r\nThe college also cooperated with Kaveibrogymnasiet a hotel and restaurant school in Skovde, Sweden. The aim of this cooperation was to expose both students and staff of NCT – Arusha and Kaveibrogymnasiet to the culture of the two countries, and also share experience and knowledge, in the hospitality industry.', NULL, NULL, NULL, 0, '0', NULL, '2024-07-24 17:16:25', '2024-07-24 17:16:25'),
(106, NULL, 'Mzumbe University', NULL, '-', 27, 216, 'cmu@mu.ac.tz', 232931220, NULL, 1, 0, 0, 0, 1, NULL, 'Mzumbe University, P.O Box 1 Mzumbe, Morogoro, Tanzania.', 'https://site.mzumbe.ac.tz', '-', '20240724122548.png', 'Mzumbe University was established by the Mzumbe University Charter, 2007 under Section 25 of the Universities Act. No. 7 of 2005 which repealed Mzumbe University Act. No 9 of 2001. As a Training Institute, the University boasts of over 50 years experience of training in the administration of justice, business management, public administration, accountancy, finance, political science and good governance.\r\nMzumbe University origin can be traced back to 1953 when the British Colonial Administration established a Local Government School in the country. The school was aimed at training local Chiefs, Native Authority Staff and Councilors. The level of training was elevated after Tanzania (Tanganyika) independence to include training of Central Government Officials, Rural Development Officers and local Court Magistrates. In 1972, the then Local Government School was merged with the Institute of Public Administration of the University of Dar es Salaam to form the Institute of Development Management (IDM-Mzumbe). IDM was a higher learning institution for training professional managers in the public and private sectors.', NULL, NULL, NULL, 0, '0', NULL, '2024-07-24 17:25:48', '2024-07-24 17:25:48'),
(107, NULL, 'Mbeya University of Science and Technology.', NULL, '-', 27, 216, 'must@must.ac.tz', 252502861, NULL, 1, 0, 0, 0, 1, NULL, 'P.O.Box 131, Mbeya - Tanzania', 'https://www.must.ac.tz', '-', '20240724123250.png', 'On behalf of the Management, I am delighted to welcome you all to Mbeya University of Science and Technology (MUST), the home to academic enthusiasts and agents of change in innovation, science and technology.\r\nMUST boasts a long and unique history of excellence in academics. The University was established as a result of a transformation of the previous Mbeya Technical College (MTC), which was founded in 1986, to Mbeya Institute of Science and Technology (MIST) in 2005, and then to Mbeya University of Science and Technology in 2012.\r\n\r\nThe University marked its 10th year of service to the public in 2022. Since its inception, MUST has continued to be at the forefront in advocating its primary mission of offering high-quality education, research and consultancy services. Within that short span of its existence, I am very grateful for how far we have come in contributing to the University\'s success. MUST has maintained a strong performance in terms of student enrolment with 11,312 students registered in the current academic year 2023/2024.', NULL, NULL, NULL, 0, '0', NULL, '2024-07-24 17:32:50', '2024-07-24 17:32:50'),
(108, NULL, 'University Education DAR ES SALAAM', NULL, '-', 27, 216, 'es@tcu.go.tz', 222113694, NULL, 1, 0, 0, 0, 1, NULL, 'Ministry of Education, Science and Technology Building, 7 Magogoni Street 11479,  P. O. Box 6562 DAR ES SALAAM', 'https://www.udsm.ac.tz', 'Together we can', '20240726063432.png', 'Greetings and welcome to Dar es salaam University College of Education (DUCE), a constituent College of the University of Dar es Salaam. We sincerely thank you for choosing to be part of our community. We are delighted that you are following us on various media, including this website. This website provides you with relevant information about the College. It describes a range of programmes and courses offered in our three faculties, namely; Faculty of Science, Faculty of Education, and Faculty of Humanities and Social Sciences. Being a constituent College of the University of Dar es Salaam; DUCE is dedicated to provide the best possible environment for teaching and learning as well as doing research, consultancy and public service. Our brand reputation is always of excellence and we will always strive to remain the forerunners of quality education programmes and courses. As you surf across our website, you will find news of events at the College, access staff profiles, and announcements for specific issues. Each academic and administrative unit has elaborated their activities and module operandi in respective sections. We kindly encourage you to visit our website quite often, get informed, educated and engaged as our success stories unfold. Your involvement is needed and greatly appreciated! We also encourage you to visit our College and be part of the process of shaping the 21st Century academic profile. Certainly, here at DUCE you will meet a vibrant and engaging community of academicians and learners. We believe that your involvement is an essential component to the success of our College. We look forward to meet and serve you as we offer “Quality Education for all”. Together, we can.', NULL, NULL, NULL, 0, '0', NULL, '2024-07-26 11:34:32', '2024-07-26 11:34:32'),
(109, NULL, 'Alliance Française de Dar es Salaam', NULL, '-', 27, 216, 'info@afdar.com', 222131406, NULL, 1, 0, 0, 0, 1, NULL, 'Alliance Française of Dar es Salaam  Ali Hassan Mwinyi Road (behind Las Vegas Casino)  P.O.Box 2566, Dar es Salaam, Tanzania', 'https://afdar.com', '-', '', 'Alliance Française is a recognized training organization with the aim to promote the French language, the cultural diversity and to strengthen the French-Tanzanian cultural exchanges in a multicultural environment. As confirmed leaders in learning of the French language in the world, we offer trainings adapted to all levels, objectives and particularities of everyone with a team of French teachers graduated and specialized in the last techniques of language teaching.\r\nThe Alliance Française of Dar Es Salaam is a registered Tanzanian non-profit organization run by a Board of Directors comprised of professionals and cultural figures. Our new board has been elected in May 2022.', NULL, NULL, NULL, 0, '0', NULL, '2024-07-26 11:42:29', '2024-07-26 11:42:29'),
(110, NULL, 'Swahili Dar Language School', NULL, '-', 27, 216, 'swahilidar@gmail.com', 753073780, NULL, 1, 0, 0, 0, 1, NULL, NULL, 'www.swahiliclass.co.tz', '-', '', 'Sayi Michael is kindly asking all his students with big heart to support and donate the project called Kasome International where it creates secondary subject’s videos lessons of duration of 30 minutes each from the very best experienced and professional secondary teachers. Students can watch each session on website for free,\r\nToday access to extra study sessions is limited to many young East-Africans, often due to long distances, the safety risks of commuting or lack of finances. To provide equal access to extra lessons, Kasome International makes high-quality lessons available to students via their mobile devices, Safe access to evening or after-school lessons are especially limited to girls and young women, as they face discrimination and harassment while commuting. Visit www.kasomeinternational.com \r\nAll the funds goes to pay teachers decent wage to make more lessons for secondary lessons', NULL, NULL, NULL, 0, '0', NULL, '2024-07-26 11:47:31', '2024-07-26 11:47:31'),
(111, NULL, 'Kulaya Language School (DSM)', NULL, '-', 27, 216, 'info@kulayaschool.com', 679631763, NULL, 1, 0, 0, 0, 1, NULL, 'Makumbusho, Kijitonyama, wakati bado street', 'https://kulayaschool.com', '-', '', 'About Kulaya Language School\r\nKulaya Language School is based in Dar es Salaam Tanzania though it reaches students all over the world through its online language programs. KLS basically offers English Classes and Swahili Classes. Other international languages are also offered such as Chinese classes, Spanish Classes, Italian Classes and French Classes. Most of its students take private classes since KLS has one to one program, and the class can either be conducted at the student’s place or school. Group classes are also available (5 to 10 individuals / group).\r\n\r\nWelcome to KLS – Be fluent', NULL, NULL, NULL, 0, '0', NULL, '2024-07-26 11:52:20', '2024-07-26 11:52:20'),
(112, NULL, 'Echoes and Arts Music School', NULL, '-', 27, 216, 'info@echoesandarts.com', 742818313, NULL, 1, 0, 0, 0, 1, NULL, 'Mary Knoll Lane 31, Masaki, Dar es Salam, Tanzania', 'www.echoesandarts.com', 'Echoes and Arts Music School', '20240726084155.jpg', 'choes and Arts Music School opened on January of 2016 with the objective to provide musical studies of high standards.\r\nUnder the direction of the pianist Natasa Nivolianiti and the addition of professionals tutors the school is running its third year offering a variety of classes for beginners and adults.\r\nEchoes and Arts Music School was created to offer professional education and certification combined with a pedagogical and fun tutoring for all ages.\r\nDo you always wanted to play the piano or another instrument  ?Enroll now !!', NULL, NULL, NULL, 0, '0', NULL, '2024-07-26 13:41:55', '2024-07-26 13:41:55'),
(113, NULL, 'Theatre Two', NULL, '-', 27, 216, 'info@theatrerow.org', 716221652, NULL, 1, 0, 0, 0, 1, NULL, 'St. Peters Square, Haile Selassie Road, Dar es Salaam.', 'https://www.theatre2.org', '-', '', 'Theatre Two is located on the second floor of Theatre Row Complex and it features fixed, plush seating as well as air conditioning. The theatre holds the four walls of the original Kirk Theatre (although it resides one floor higher). \r\nTheatre Row is an Off-Broadway multi-theater complex in the heart of the Theater District that serves as an affordable home for performing artist organizations, and a lively, accessible venue for diverse audiences.  \r\nLocated just two blocks from Times Square, Theatre Row offers theater rentals, rehearsal studio rentals, office space, ticketing and box office, as well as tech support to actors, producers, dancers, and musicians.  Theatre Row encourages its varied mix of nonprofit theater companies to share ideas and resources as they work in its intimate spaces.  Over 125,000 patrons come to Theatre Row each year.', NULL, NULL, NULL, 0, '0', NULL, '2024-07-26 13:54:24', '2024-07-26 13:54:24'),
(114, NULL, 'Action Music Academy', NULL, '-', 27, 216, 'admin@amtz.org', 762669808, NULL, 1, 0, 0, 0, 1, NULL, 'Action Music Academy Mbezi Beach Plot No. 2211/, House No. KAW/MMJ/1010 (Opposite St Mary’s Junior International School) P.O.Box 77988 Dar es Salaam', 'https://amtz.org', '-', '', 'The Action Music Academy is based in Dar es Salaam at Mbezi Beach Africana, Salasala Road, Songa Street, House No. 27, offering the ideal conditions for you to develop your skills as a professional musician. The Academy will open up new career opportunities for you in the music industry, not just as a professional musician but also as a music teacher, a recording engineer, or a cultural manager within the music industry. The innovative curriculum has been developed together with the Global Music Academy in Berlin through the East African Global Music Campus with the support of the Goethe-Institut and and Erasmus+ Program of the European Union.', NULL, NULL, NULL, 0, '0', NULL, '2024-07-26 13:58:43', '2024-07-26 13:58:43'),
(115, NULL, 'Cultural Arts Centre', NULL, '-', 27, 216, 'manager@cac.ac.tz', 786300213, NULL, 1, 0, 0, 0, 1, NULL, 'Cultural Arts Centre Tumaini University Makumira PO Box 55, Usa River Arusha Tanzania', 'http://www.cac.ac.tz ·', '-', '', 'The Cultural Arts Centre is a thriving centre of music and dancing, both traditional and Tanzanian fusion, in the Arusha area. It is located behind Tumaini University in Makumira.\r\n\r\nIt was created as a project of the Music Department, Tumaini University Makumira with support from the European Union Development Fund in the period 2014-2018. Through this fund we developed our school outreach program, ethnographic documentation of music and dance cultures in Chagga, Meru and Maasai groups in Northern Tanzania, as well as developing a professional facility for dancers and musicians in the Arusha area.', NULL, NULL, NULL, 0, '0', NULL, '2024-07-26 14:03:05', '2024-07-26 14:03:05'),
(116, NULL, 'Feza Girls\' Secondary and High School', NULL, 'Active', 27, 216, 'fezagirls@fezaschools.org', 712339234, NULL, 1, 0, 0, 0, 1, NULL, 'KAWE-Near Tanganyika Packers/', 'https://fezaschools.org › feza-girls', '-', '', 'Feza Girls School was established in 2005 in Mikocheni and later relocated to Kawe in 2008. As a renowned educational institution, Feza Girls Secondary and High School follows the NECTA curriculum, catering to both Ordinary-level (O-Level) and Advanced-level (A-Level) students.\r\nOur A-Level program spans two years and provides a comprehensive education, offering five different core-subject combinations. We are dedicated to empowering our students with knowledge and skills, preparing them for future success in their academic pursuits and beyond. At Feza Girls High School, we are committed to fostering a supportive and conducive learning environment, ensuring our students reach their full potential and achieve excellence in their chosen fields.\r\nPhysics, Chemistry, and Mathematics (PCM) / Physics, Chemistry, and Biology (PCB) / Economics, Geography, and Mathematics (EGM) / History, Geography, and Economics (HGE) / History, Geography, and Literature (HGL).\r\n\r\nThe school boasts a well-equipped campus that includes sports fields, modern laboratories, spacious classrooms, dormitories, a library, and many more amenities, all contributing to creating an exceptional learning environment for our students. We believe that providing top-notch facilities enhances the overall educational experience, fostering a conducive and inspiring atmosphere where students can thrive academically, socially, and personally. Our commitment to offering the best possible learning environment underscores our dedication to nurturing well-rounded and successful individuals who are prepared to face the challenges of the future with confidence and competence.', NULL, NULL, NULL, 0, '0', NULL, '2024-07-26 14:06:38', '2024-07-26 14:06:38'),
(117, NULL, 'Aga Khan Mzizima Secondary School', NULL, '-', 27, 216, 'info@agakhanschools.org', 222151253, NULL, 1, 0, 0, 0, 1, NULL, 'Head of School Plot No 955 Fire Station Road, West Upanga Dar Es Salaam TANZANIA', 'https://www.agakhanschools.org › ...', '-', '', 'Welcome to the Aga Khan Mzizima Secondary School, the first private secondary school to be established in Tanzania after the Arusha Declaration in 1967.\r\n\r\nIn our school, we are committed to offer first class education to all students, which will enable them to be responsible citizens of the world, future leaders, and reach their goals in life. To meet the needs of the community we offer two curricula, Tanzania national curriculum (NECTA) and International curriculum (Middle School Programme, IGCSE and IBDP). NECTA curriculum runs from Form 1 to 6. International curriculum covers Middle School Programme; this is offered from year 7 to 9 leading to International General Certificate for Secondary Education (IGCSE) which is year 10 to 11. International Baccalaureate Diploma (IBDP) is a two year pre-university course offered in year 12 and 13. Our International curriculum is based on IB philosophy of preparing well rounded learners in both academics and spiritual wisdom. To meet this goal, our focus is not only on academic achievements of the students, but we also encourage their participation in sports, community service, creativity and action across the entire school. Mzizima has, since the 1980s, been at the forefront of educational innovation in Dar-es-Salaam and was one of the first schools to introduce inquiry-based learning methodologies and to integrate IT into all aspects of school life.\r\n\r\nThe School is divided into Lower School and Upper School. Lower School is Years 7- 9 and Forms 1 and 2. Upper School is Years 10 - 13 and Forms 3 - 6. The normal ages for entry are given in the table below.', NULL, NULL, NULL, 0, '0', NULL, '2024-07-26 14:15:53', '2024-07-26 14:15:53'),
(118, NULL, 'Alpha High School', NULL, '-', 27, 216, 'info.high@alpha.edu.pk', 734036010, NULL, 1, 0, 0, 0, 1, NULL, 'Alpha Nursery & Primary School - Kunduchi Alpha Girls’ High School - Kunduchi Alpha High School - Mikocheni Dar es Salaam, Tanzania.', 'www.alphaschools.ac.tz', '-', '', 'Alpha high school is one among the best schools in Tanzania. The school is found in Dar-es-salaam and it’s located at Mikocheni “B” industrial area. The school was built in the year 2007,comprising with day and hostel students. Also the school has both A-level and O-level students. The School offers education services for O’Level and A’Level. It follows the NECTA syllabus system. The School has 18 classrooms and 8 lecture rooms. The classrooms can accomodate up to 40 students and the lecture rooms over 70 students. The School performs well in the National Exams. It placed second for the Dar-es-Salaam zone for the Form Six National Examinations of 2012 and 26th at National Level. It placed fourth in the form four National Examination of 2011 in the Dar-Es-Salaam zone and 24th National wise.The Academic Supervisor ensures hiring of experienced staff and has promoted the school library into one of the largest in all schools. Do not forget the school fees a very reasonable compared to other schools.', NULL, NULL, NULL, 0, '0', NULL, '2024-07-26 14:53:09', '2024-07-26 14:53:09'),
(119, NULL, 'White Lake High School', NULL, '-', 27, 216, 'info@whitelakehighschool.co.tz', 738783331, NULL, 1, 0, 0, 0, 1, NULL, 'White Lake High School P.O. Box 75787  Changanyikeni, Dar es Salaam, Tanzania.', 'https://www.whitelakehighschool.co.tz', '-', '', 'Welcome to White Lake High School White Lake High School (WLHS) is education institution registered under the Ministry of Education, Science and Technology to provide education in Tanzania. The school is located in Changanyikeni suburb, 2.5km north of The University of Dar es Salaam, Kinondoni District, Dar es Salaam. WLHS strives for best quality education. The school is ranked among five-star co-education secondary schools in Tanzania. One of the school’s goals is to turn students into heroes, promoting academic excellence, encouraging individuality, promoting students’ development and learning for both life and work. WLHS is for boarding scholars only.', NULL, NULL, NULL, 0, '0', NULL, '2024-07-26 14:58:07', '2024-07-26 14:58:07'),
(120, NULL, 'Arusha Secondary school', NULL, '-', 27, 216, 'arusha@gmail.com', 272503649, NULL, 1, 0, 0, 0, 1, NULL, 'Arusha', 'https://arusha.go.tz', '-', '', 'Arusha School is one small school within the Tanganyika education\r\nsystem. It opened in 1934 for European children and now 40 years later is still\r\ncatering for the children of expatriates workings in Tanzania.\r\nThe school was built by the Government and has always been owned by\r\nit in fulfilment of its aim to provide education for the children of settlers,\r\nofficials, commercial managers and foreign experts. How ever the\r\nGovernment has directly managed the school for only 18 years of the 40 years\r\nof its history, and even then in close association with the Anglican Diocese of\r\nCentral Tanganyika. For the other years, the Diocese has had either direct\r\nmanagement responsibility or indirect management influence, but always the\r\nschool has been financed by Government money and fees.\r\nIn order to understand the background of the various management\r\nagreements and to set the school in the total context of education in\r\nTanganyika, this history looks in Chapter 1 at the broad sweep of the\r\ndevelopment of formal education from the German colonial administration in\r\n1887 to the integrated system under the independent Government in 1962.\r\nSignificant points in this evolving pattern are the British interpretation of the\r\nMandate under the League of Nations and the uncertainty of European\r\nsettlement; the Grant in Aid System of Government/Mission partnership in\r\neducation introduced in the 1920s; the depression and economic recession of\r\nthe 1930s and the three racially distinct educational systems for African,\r\nEuropean and Indian children formalized in the 1940s and 1950s.', NULL, NULL, NULL, 0, '0', NULL, '2024-07-26 15:23:40', '2024-07-26 15:23:40'),
(121, NULL, 'Arusha Girls High School', NULL, '-', 27, 216, 'arushagirlz@gmail.com', 784258018, NULL, 1, 0, 0, 0, 1, NULL, 'Arusha Girls High School, S.L.P. 16034, ARUSHA June 2018', 'www.arushagirlshigh school.com', '-', '', 'Arusha Girl Secondary school is located at the distance of (19)km in the western side of Arusha Region. The school was built by the Government and has always been owned by it in fulfilment of its aim to provide education for the children of settlers, officials, commercial managers and foreign experts. However the Government has directly managed the school for only 18 years of the 40 years of its history, and even then in close association with the Anglican Diocese of Central Tanganyika. For the other years, the Diocese has had either direct management responsibility or indirect management influence, but always the school has been financed by Government money and fees.\r\nIn order to understand the background of the various management agreements and to set the school in the total context of education in Tanganyika, this history looks in Chapter 1 at the broad sweep of the development of formal education from the German colonial administration in 1887 to the integrated system under the independent Government in 1962. Significant points in this evolving pattern are the British interpretation of the Mandate under the League of Nations and the uncertainty of European settlement; the Grant in Aid System of Government/Mission partnership in education introduced in the 1920s; the depression and economic recession of the 1930s and the three racially distinct educational systems for African, European and Indian children formalized in the 1940s and 1950s.', NULL, NULL, NULL, 0, '0', NULL, '2024-07-26 15:35:04', '2024-07-26 15:35:04'),
(122, NULL, 'Mairiva Secondary School', NULL, '-', 27, 216, 'secondaryschoolstz@gmail.com', 767314179, NULL, 1, 0, 0, 0, 1, NULL, 'Plot No. 225 A 104, Arusha', 'http://secondaryschooltz.blogspot.com', '-', '', 'Mairiva Secondary School is a Private Institution Registered by National Accreditation Council for Technical Education (NACTE)  located in region of Arusha Tanzania. The School began in January 2006, with 57 lovely form one students, five teachers and a score of non teaching staff, the first batch  of O-levels graduated October 2010 by then the number had risen to 102. A-Level programme was launched with four students late in the same year (2006) They all passed and most of them went on the universities, they set a good precedent most of our A-level graduants gain requisite qualifications to join tertiary education.\r\nA private secondary education school in Arusha municipality, Tanzania, East Africa with a substantial sponsored student population, offering ordinary and advance level education, boarding and catering services for boys and girls.\r\nWe help boys and girls at their tender age to get not only Education but Protection and Counseling ?. So we have properly fenced our properties and continuously grind our students towards exceeding their parent?s expectations.', NULL, NULL, NULL, 0, '0', NULL, '2024-07-26 15:50:28', '2024-07-26 15:50:28'),
(123, NULL, 'Arusha Modern Secondary', NULL, '-', 27, 216, 'arushamodernschool@habari.co.tz', 758198364, NULL, 1, 0, 0, 0, 1, NULL, 'Akheri Arusha CC', 'https://www.arushacity.com', '-', '', 'Arusha Modern School (AMS) is a private school, registered under the Ministry of Education and Vocational Training of Tanzania. It is also affiliated to the Cambridge Examination Board of London. The school runs Nursery, primary and Secondary school classes, boarding and day. The Nursery and Primary Schools are at Sakina area while Secondary school is at Njiro area, Arusha region.\r\nAMS is built on the philosophy that every child can excel when given the right kind of guidance and support. It is a child-centric school as it is portrayed in the school logo. All the school activities revolve around developing a whole person.', NULL, NULL, NULL, 0, '0', NULL, '2024-07-26 16:02:46', '2024-07-26 16:02:46'),
(124, NULL, 'Edmund Rice Sinon Secondary School', NULL, '-', 27, 216, 'abhiroop.sen@live.com', 754914018, NULL, 1, 0, 0, 0, 1, NULL, 'P.O. Box  7131, Arusha', 'https://www.school.co.tz', '-', '', 'Edmund Rice Sinon Secondary School is a private Catholic school for young men and women in the Catholic Archdiocese of Arusha and is managed by the Congregation of Christian Brothers East Africa District for the Archdiocese. It was founded in 1988 in two classrooms in the neighbouring Engosengiu Primary school.\r\nThe school is situated on a 10 Acre site, 5km from Arusha City Centre. North Eastern Tanzania.\r\nWe are dedicated to move forward the wheel of education by creating a platform where students and parents meet with institutions that provide formal education and integrate their interests. Here at school.co.tz both students and parents have an opportunity to search through a comprehensive database of local schools ( Secondary, Primary and Nursery ) that best suits their academic requirements. Educational institutions have a place in here to make known their academic merits and processes to the public ( local and international ).', NULL, NULL, NULL, 0, '0', NULL, '2024-07-26 16:19:31', '2024-07-26 16:19:31');
INSERT INTO `businesses` (`id`, `job`, `business_name`, `business_title`, `business_registration`, `category_id`, `country_id`, `business_email`, `business_phone`, `user_id`, `status`, `claim`, `verify`, `transfer`, `display`, `account`, `headquarters`, `website`, `slogan`, `logo`, `description`, `letter`, `business_licence`, `company_reg`, `total_review`, `total_rating`, `deleted_at`, `created_at`, `updated_at`) VALUES
(125, NULL, 'Ilboru Secondary School', NULL, '-', 27, 216, 'Ilborusecschool@gmail.com', 767252464, NULL, 1, 0, 0, 0, 1, NULL, 'Ilboru Street,  P.O Box 3014  Arusha, Tanzania', 'https://www.ilboru.ac.tz', '-', '', 'At Ilboru students get a quality education which is facilitated by the electronics devices ensuring better capture of the ideas and taught concepts. Modern Tablets and best computer lab is available for the students to have furhter ability to seek knowledge!!.\r\nAwesome Ilboru provides a proper guidance and control to students enabling students to live in a compfortable disciplined life at school, Students are supportive to the development of the moral values bringing enormous success to their school.', NULL, NULL, NULL, 0, '0', NULL, '2024-07-26 16:26:43', '2024-07-26 16:26:43'),
(126, NULL, 'Mwanza Secondary School', NULL, '-', 27, 216, 'mwaseko@gmail.Com', 625784056, NULL, 1, 0, 0, 0, 1, NULL, 'P.O. Box  149 Mwanza', 'https://www.school.co.tz', '-', '', 'Mwanza Secondary School is in Mwanza region. It was given the name of this region to honour the region. It is a mixed school. It comprises boys and girls. The A level girls stay in school hostels and the rest are day scholars.\r\nWe are dedicated to move forward the wheel of education by creating a platform where students and parents meet with institutions that provide formal education and integrate their interests. Here at school.co.tz both students and parents have an opportunity to search through a comprehensive database of local schools ( Secondary, Primary and Nursery ) that best suits their academic requirements. Educational institutions have a place in here to make known their academic merits and processes to the public ( local and international ).', NULL, NULL, NULL, 0, '0', NULL, '2024-07-26 16:37:37', '2024-07-26 16:37:37'),
(127, NULL, 'Lake Secondary School', NULL, '-', 27, 216, 'mwaseko@gmail.com', 752694064, NULL, 1, 0, 0, 0, 1, NULL, 'Machemba Rd, Mwanza', 'https://www.instagram.com › lake mwanza secondary.com', '-', '', 'LAKE SECONDARY SCHOOL is located at Mwanza. LAKE SECONDARY SCHOOL is boys and girls school and it is doing well in ENGLISH LANGUAGE, CIVICS and CHEMISTRY than all subjects. Despite the effort in teaching, LAKE SECONDARY SCHOOL is still considered as green school.\r\nEach subject has an examination format which describes the structure of the examination paper, rubric and the content in which that particular examination covers. The details of subjects examined are shown in individual examinations formats that can be accessed in the examination formats.', NULL, NULL, NULL, 0, '0', NULL, '2024-07-26 17:04:46', '2024-07-26 17:04:46'),
(128, NULL, 'Kitangiri Secondary School', NULL, '-', 27, 216, 'info@123tanzania.com', 282563326, NULL, 1, 0, 0, 0, 1, NULL, 'KITANGIRI SECONDARY SCHOOL P.O. Box 2218, Mwanza', 'https://www.tanzapages.com › Kitangiri secondary school', '-', '', 'Kitangiri Secondary School is a school in Pasiansi, Ilemela District, Mwanza. Kitangiri Secondary School is situated close to the government office Headmaster\'s Office and the pitch Bwiru boys Playground.\r\nWelcome to Kitangiri Secondary School; with great determination, Kitangiri Secondary School Form Four Results and other levels are very pleasant. All over Tanzania, this is a school that welcome students from all walks of life.\r\nThe accuracy of the company profile for Kitangiri Secondary School is validated by the company owner, representative, or directory administrator.\r\nLast update on 25 Mar, 2021\r\nRegistered with us on 27 Feb, 2012er levels are very pleasant. All over Tanzania, this is a school that welcome students from all walks of life.', NULL, NULL, NULL, 0, '0', NULL, '2024-07-26 17:25:10', '2024-07-26 17:25:10'),
(129, NULL, 'Loreto Girls\' Secondary School', NULL, '-', 27, 216, 'youtube.com/@loretonyakato6145', 786321237, NULL, 1, 0, 0, 0, 1, NULL, 'MC, Mwanza', 'https://www.instagram.com › loreto_nyakato girl secondary', 'The Glory of God is a student fully alive.', '', 'Welcome to Loreto Girls Secondary School. We are dedicated to blending academic excellence with a richness of opportunity beyond the classroom. As a boarding and day school for girls, we are committed to providing a Total Curriculum. Throughout the school, students are well educated and extremely successful in all aspects of their learning. Their progress is excellent and they are prepared efficiently for transfer across the different schools for further education.\r\nWe are dedicated to move forward the wheel of education by creating a platform where students and parents meet with institutions that provide formal education and integrate their interests. Here at school.co.tz both students and parents have an opportunity to search through a comprehensive database of local schools ( Secondary, Primary and Nursery ) that best suits their academic requirements. Educational institutions have a place in here to make known their academic merits and processes to the public ( local and international ).', NULL, NULL, NULL, 0, '0', NULL, '2024-07-26 17:38:18', '2024-07-26 17:38:18'),
(130, NULL, 'Bwiru Girls\' Secondary School', NULL, '-', 27, 216, 'bwirugirls@gmail.com', 674460172, NULL, 1, 0, 0, 0, 1, NULL, 'MC, Mwanza', 'https://www.tamisemi.go.tz › media › uploaded-files', '-', '', 'We are dedicated to move forward the wheel of education by creating a platform where students and parents meet with institutions that provide formal education and integrate their interests. Here at school.co.tz both students and parents have an opportunity to search through a comprehensive database of local schools ( Secondary, Primary and Nursery ) that best suits their academic requirements. Educational institutions have a place in here to make known their academic merits and processes to the public ( local and international ).', NULL, NULL, NULL, 0, '0', NULL, '2024-07-26 17:47:02', '2024-07-26 17:47:02'),
(131, NULL, 'Taqwa secondary school', NULL, '-', 27, 216, 'info@taqwaschool.act.edu.au', 677094722, NULL, 1, 0, 0, 0, 1, NULL, 'MC, Kirumba', 'https://www.taqwaschool.act.edu.au', '-', '', 'Taqwa Schools is the one of the top Education Centers in the Lake zone and Tanzania in general. Attaining high grades at all times in the national exams since our inaugration, which has been realised by the discipline instilled in our students. The support from the teaching and non teaching staff helps Provide the best and conducive environment for Education. We are the best centre for the future success of your Children. The Institute\'s curriculum draws on the School\'s strong tradition of inclusive and sustainable Education. Welcome to Taqwa Schools for quality Education.', NULL, NULL, NULL, 0, '0', NULL, '2024-07-26 17:56:56', '2024-07-26 17:56:56'),
(132, NULL, 'Rorya Secondary & High School', NULL, '-', 27, 216, 'mkurugenzi@roryadc.go.tz', 767888289, NULL, 1, 0, 0, 0, 1, NULL, 'Unnamed Road, Mwanza', 'WWW.RORYASCHOOL.BLOGSPOT.COM', '-', '', 'RORYA SECONDARY SCHOOL is located at Mwanza. RORYA SECONDARY SCHOOL is boys and girls school and it is doing well in KISWAHILI, KISWAHILI and CIVICS than all subjects. Despite the effort in teaching, RORYA SECONDARY SCHOOL is still considered as yellow school.\r\nRorya Secondary School achieved a nationwide performance ranking of 892 out of 6382 schools and exam centers in Tanzania. This was an rise of 216 positions in the national rankings compared to the results acheived in the previous year. Of the 40 students who sat the exam at the school, 0 passed the exam with at least a Division IV.', NULL, NULL, NULL, 0, '0', NULL, '2024-07-26 18:21:11', '2024-07-26 18:21:11'),
(133, NULL, 'Al Muntazir Special Needs Centre', NULL, '-', 27, 216, 'dminpool@almunitazir.sc.tz', 717723449, NULL, 1, 0, 0, 0, 1, NULL, 'United Nations Road, Dar Es Salaam, Tanzania', 'https://almuntazir.sc.tz › special-ed...', '-', '', '<div class=\"wpb_text_column wpb_content_element \" style=\"margin-bottom: 5px; margin-top: 0px; color: rgb(52, 62, 71); font-family: Roboto; font-size: 16px;\"><div class=\"wpb_wrapper\" style=\"margin-bottom: 0px;\"><p style=\"margin: 0.3em 0px 0px;\">Special Educational provision is essential for students who have additional needs that can impact their ability to learn in a mainstream setting. In these alternative provisions, there are adapted learning environments, specific teaching approaches curated to best support the individual, bespoke curricula and a focus on the holistic development of each child. This tailored approach isn’t normally offered in general education and so parents or carers have either agreed to or requested a special school placement.</p><div><br></div></div></div>', NULL, NULL, NULL, 0, '0', NULL, '2024-07-28 11:36:11', '2024-07-28 11:36:11'),
(134, NULL, 'Autism Therapy & Behaviour Learning Center', NULL, '-', 27, 216, 'general@atblc.education', 754249777, NULL, 1, 0, 0, 0, 1, NULL, 'people as they grow up and or, on a regular basis.  Special Schools   Dar es Salaam, Tanzania  P.O. BOX 6052, Mbezi Beach Dar es Salaam, Tanzania', 'https://www.autismconnect.com', '-', '', '<p><span style=\"font-family: Quicksand, sans-serif; font-size: 16px; text-align: justify;\">Aba Atblc is a registered learning centre for autistic children (special need kids) located at Kunduchi Beach Dar es Salaam,Tanzania. Our centre is designed to teache and help special need kids to improve and prepare them for how to live in less or minimum depending of supports from other people as they grow up and or, on a regular basis.</span><br></p>', NULL, NULL, NULL, 0, '0', NULL, '2024-07-28 11:40:37', '2024-07-28 11:40:37'),
(135, NULL, '3 Zones Autism Center', NULL, '-', 27, 216, 'contact@autismconnect.com', 684483824, NULL, 1, 0, 0, 0, 1, NULL, '2 Misri Street, Kijitonyama, Dar es Salaam, Tanzania 255', 'www.autism.co.tz', '-', '', '<p><span style=\"color: rgb(34, 34, 34); font-family: Arial, sans-serif;\">\"We work with parents and care givers to design the best treatment strategy for children living with autism spectrum disorders. We integrate certified, non-medically induced treatments together with years of experience to ensure our goals are reached and your child is provided with the most accurate special care available.\"</span><br></p>', NULL, NULL, NULL, 0, '0', NULL, '2024-07-28 11:45:30', '2024-07-28 11:45:30'),
(136, NULL, 'Jubilation Nursary School – Tanzania', NULL, '-', 27, 216, 'info@jubilationschoolstz.ac.tz', 735735737, NULL, 1, 0, 0, 0, 1, NULL, 'Jubilation Road, Dar es Salaam', 'www.jubilationschool.ac.tz', '-', '', '<p><br></p><div id=\"aswift_1_host\" style=\"box-sizing: border-box; border: none; height: 280px; width: 765px; margin: 0px; padding: 0px; position: relative; visibility: visible; background-color: transparent; display: inline-block; overflow: visible;\"><iframe id=\"aswift_1\" name=\"aswift_1\" browsingtopics=\"true\" sandbox=\"allow-forms allow-popups allow-popups-to-escape-sandbox allow-same-origin allow-scripts allow-top-navigation-by-user-activation\" width=\"765\" height=\"280\" frameborder=\"0\" marginwidth=\"0\" marginheight=\"0\" vspace=\"0\" hspace=\"0\" allowtransparency=\"true\" scrolling=\"no\" allow=\"attribution-reporting; run-ad-auction\" src=\"https://googleads.g.doubleclick.net/pagead/ads?client=ca-pub-3789827028045318&amp;output=html&amp;h=280&amp;slotname=8212068994&amp;adk=122061174&amp;adf=3074922936&amp;pi=t.ma~as.8212068994&amp;w=765&amp;abgtt=6&amp;fwrn=4&amp;fwrnh=100&amp;lmt=1722149475&amp;rafmt=1&amp;format=765x280&amp;url=https%3A%2F%2Fajirayako.co.tz%2Fjobs%2Fschool-principal-at-jubilation-schools-tanzania%2F&amp;fwr=0&amp;fwrattr=true&amp;rpe=1&amp;resp_fmts=3&amp;wgl=1&amp;uach=WyJXaW5kb3dzIiwiMTAuMC4wIiwieDg2IiwiIiwiMTI2LjAuNjQ3OC4xODUiLG51bGwsMCxudWxsLCI2NCIsW1siTm90L0EpQnJhbmQiLCI4LjAuMC4wIl0sWyJDaHJvbWl1bSIsIjEyNi4wLjY0NzguMTg1Il0sWyJHb29nbGUgQ2hyb21lIiwiMTI2LjAuNjQ3OC4xODUiXV0sMF0.&amp;dt=1722149479487&amp;bpp=6&amp;bdt=3809&amp;idt=1227&amp;shv=r20240724&amp;mjsv=m202407230101&amp;ptt=9&amp;saldr=aa&amp;abxe=1&amp;cookie_enabled=1&amp;eoidce=1&amp;prev_fmts=0x0&amp;nras=1&amp;correlator=8474007506604&amp;frm=20&amp;pv=1&amp;ga_vid=1026975278.1722149480&amp;ga_sid=1722149481&amp;ga_hid=1920741197&amp;ga_fc=1&amp;u_tz=-540&amp;u_his=5&amp;u_h=768&amp;u_w=1366&amp;u_ah=738&amp;u_aw=1366&amp;u_cd=24&amp;u_sd=1&amp;dmc=8&amp;adx=92&amp;ady=684&amp;biw=1349&amp;bih=651&amp;scr_x=0&amp;scr_y=0&amp;eid=44759876%2C44759927%2C44759837%2C31085512%2C95334528%2C95334830%2C95337027%2C95337870%2C95337874%2C95338263%2C31084185%2C95336266%2C31078663%2C31078665%2C31078668%2C31078670&amp;oid=2&amp;pvsid=3032686280910323&amp;tmod=1215710654&amp;uas=3&amp;nvt=1&amp;ref=https%3A%2F%2Fwww.google.com%2F&amp;fc=1920&amp;brdim=0%2C0%2C0%2C0%2C1366%2C0%2C1366%2C738%2C1366%2C651&amp;vis=1&amp;rsz=%7C%7CeEbr%7C&amp;abl=CS&amp;pfx=0&amp;fu=128&amp;bc=31&amp;bz=1&amp;td=1&amp;tdf=2&amp;psd=W251bGwsbnVsbCxudWxsLDNd&amp;nt=1&amp;ifi=2&amp;uci=a!2&amp;btvi=1&amp;fsb=1&amp;dtd=1242\" data-google-container-id=\"a!2\" tabindex=\"0\" title=\"Advertisement\" aria-label=\"Advertisement\" data-google-query-id=\"CMuK4OCSyYcDFT64_QcdBL4AYg\" data-load-complete=\"true\" style=\"box-sizing: border-box; width: 765px; max-width: 100%; left: 0px; position: absolute; top: 0px; border: 0px; height: 280px;\"></iframe></div><p><ins class=\"adsbygoogle\" data-ad-client=\"ca-pub-3789827028045318\" data-ad-slot=\"8212068994\" data-ad-format=\"auto\" data-full-width-responsive=\"true\" data-adsbygoogle-status=\"done\" data-ad-status=\"filled\" style=\"color: rgb(79, 87, 89); font-family: &quot;droid sans&quot;, sans-serif; font-size: 16px; letter-spacing: 0.5px; display: block; height: 280px;\"></ins></p><p style=\"color: rgb(79, 87, 89); font-family: &quot;droid sans&quot;, sans-serif; font-size: 16px; letter-spacing: 0.5px;\"><span style=\"color: rgb(255, 0, 0);\"><span style=\"font-weight: 600;\">School Principal at Jubilation Schools Tanzania</span></span></p><p style=\"color: rgb(79, 87, 89); font-family: &quot;droid sans&quot;, sans-serif; font-size: 16px; letter-spacing: 0.5px;\">Dar es Salaam<br>Jubilation Schools Tanzania</p><p style=\"color: rgb(79, 87, 89); font-family: &quot;droid sans&quot;, sans-serif; font-size: 16px; letter-spacing: 0.5px;\">Jubilation Nursery and Primary Schools are English Medium schools,providing an excellent English Medium education and building global capacity</p><p style=\"color: rgb(79, 87, 89); font-family: &quot;droid sans&quot;, sans-serif; font-size: 16px; letter-spacing: 0.5px;\">Position:<span style=\"color: rgb(255, 0, 0);\"><span style=\"font-weight: 600;\">&nbsp;School Principal</span></span></p><p style=\"color: rgb(79, 87, 89); font-family: &quot;droid sans&quot;, sans-serif; font-size: 16px; letter-spacing: 0.5px;\">Reporting to: School Board</p><div class=\"6sbqiE7m\" style=\"color: rgb(79, 87, 89); font-family: &quot;droid sans&quot;, sans-serif; font-size: 16px; letter-spacing: 0.5px; clear: both; float: left; width: 765px; margin: 0px 0px 20px;\"><ins class=\"adsbygoogle\" data-ad-client=\"ca-pub-3789827028045318\" data-ad-slot=\"6323533133\" data-ad-format=\"auto\" data-full-width-responsive=\"true\" data-adsbygoogle-status=\"done\" data-ad-status=\"filled\" style=\"display: block; height: 280px;\"><div id=\"aswift_2_host\" style=\"border: none; height: 280px; width: 765px; margin: 0px; padding: 0px; position: relative; visibility: visible; background-color: transparent; display: inline-block; overflow: visible;\"><iframe id=\"aswift_2\" name=\"aswift_2\" browsingtopics=\"true\" sandbox=\"allow-forms allow-popups allow-popups-to-escape-sandbox allow-same-origin allow-scripts allow-top-navigation-by-user-activation\" width=\"765\" height=\"280\" frameborder=\"0\" marginwidth=\"0\" marginheight=\"0\" vspace=\"0\" hspace=\"0\" allowtransparency=\"true\" scrolling=\"no\" allow=\"attribution-reporting; run-ad-auction\" src=\"https://googleads.g.doubleclick.net/pagead/ads?client=ca-pub-3789827028045318&amp;output=html&amp;h=280&amp;slotname=6323533133&amp;adk=755103401&amp;adf=1812589828&amp;pi=t.ma~as.6323533133&amp;w=765&amp;abgtt=6&amp;fwrn=4&amp;fwrnh=100&amp;lmt=1722149475&amp;rafmt=1&amp;format=765x280&amp;url=https%3A%2F%2Fajirayako.co.tz%2Fjobs%2Fschool-principal-at-jubilation-schools-tanzania%2F&amp;fwr=0&amp;fwrattr=true&amp;rpe=1&amp;resp_fmts=3&amp;wgl=1&amp;uach=WyJXaW5kb3dzIiwiMTAuMC4wIiwieDg2IiwiIiwiMTI2LjAuNjQ3OC4xODUiLG51bGwsMCxudWxsLCI2NCIsW1siTm90L0EpQnJhbmQiLCI4LjAuMC4wIl0sWyJDaHJvbWl1bSIsIjEyNi4wLjY0NzguMTg1Il0sWyJHb29nbGUgQ2hyb21lIiwiMTI2LjAuNjQ3OC4xODUiXV0sMF0.&amp;dt=1722149479493&amp;bpp=5&amp;bdt=3815&amp;idt=1320&amp;shv=r20240724&amp;mjsv=m202407230101&amp;ptt=9&amp;saldr=aa&amp;abxe=1&amp;cookie_enabled=1&amp;eoidce=1&amp;prev_fmts=0x0%2C765x280&amp;nras=1&amp;correlator=8474007506604&amp;frm=20&amp;pv=1&amp;ga_vid=1026975278.1722149480&amp;ga_sid=1722149481&amp;ga_hid=1920741197&amp;ga_fc=1&amp;u_tz=-540&amp;u_his=5&amp;u_h=768&amp;u_w=1366&amp;u_ah=738&amp;u_aw=1366&amp;u_cd=24&amp;u_sd=1&amp;dmc=8&amp;adx=92&amp;ady=1250&amp;biw=1349&amp;bih=651&amp;scr_x=0&amp;scr_y=195&amp;eid=44759876%2C44759927%2C44759837%2C31085512%2C95334528%2C95334830%2C95337027%2C95337870%2C95337874%2C95338263%2C31084185%2C95336266%2C31078663%2C31078665%2C31078668%2C31078670&amp;oid=2&amp;pvsid=3032686280910323&amp;tmod=1215710654&amp;uas=3&amp;nvt=1&amp;ref=https%3A%2F%2Fwww.google.com%2F&amp;fc=1920&amp;brdim=0%2C0%2C0%2C0%2C1366%2C0%2C1366%2C738%2C1366%2C651&amp;vis=1&amp;rsz=%7C%7ClEbr%7C&amp;abl=CS&amp;pfx=0&amp;fu=128&amp;bc=31&amp;bz=1&amp;td=1&amp;tdf=2&amp;psd=W251bGwsbnVsbCxudWxsLDNd&amp;nt=1&amp;ifi=3&amp;uci=a!3&amp;btvi=2&amp;fsb=1&amp;dtd=1324\" data-google-container-id=\"a!3\" tabindex=\"0\" title=\"Advertisement\" aria-label=\"Advertisement\" data-google-query-id=\"CPvg3-CSyYcDFW3huwgdQeMvYQ\" data-load-complete=\"true\" style=\"width: 765px; max-width: 100%; left: 0px; position: absolute; top: 0px; border-width: 0px; border-style: initial; height: 280px;\"></iframe></div></ins></div><p style=\"color: rgb(79, 87, 89); font-family: &quot;droid sans&quot;, sans-serif; font-size: 16px; letter-spacing: 0.5px;\"><span style=\"font-weight: 600;\">A: About US</span></p><p style=\"color: rgb(79, 87, 89); font-family: &quot;droid sans&quot;, sans-serif; font-size: 16px; letter-spacing: 0.5px;\">Jubilation offers a values driven education that not only prepares children for academic success but also forms them into exemplary leaders. The school runs two wings including Jubilation Nursery and Early Years) and Jubilation Primary School.</p><p style=\"color: rgb(79, 87, 89); font-family: &quot;droid sans&quot;, sans-serif; font-size: 16px; letter-spacing: 0.5px;\">Jubilation Schools seek to promote quality elementary education with a particular interest on highly talented but financially challenged Tanzania children. The schools offer NECTA curriculum for pupils from Baby Class to Grade 7. In future we look in to a possibility to provide both NECTA and Cambridge Curriculums with the view to maximizing the opportunity for pupils and parents to access a world-class education.</p>', NULL, NULL, NULL, 0, '0', NULL, '2024-07-28 11:53:54', '2024-07-28 11:53:54'),
(137, NULL, 'Pugu Secondary School', NULL, '-', 27, 216, 'info@pugusecondaryschool.com', 682008720, NULL, 1, 0, 0, 0, 1, NULL, '20 Livingstone St, Dar es Salaam', 'https://www.tamisemi.go.tz', '-', '', '<p><span style=\"color: rgb(51, 51, 51); font-family: &quot;Helvetica Neue&quot;, Helvetica, Arial, sans-serif; font-size: 15px; text-align: justify; background-color: rgba(243, 235, 235, 0.41);\">PUGU SECONDARY SCHOOL is located at Dar es salaam. PUGU SECONDARY SCHOOL is boys and girls school and it is doing well in ENGLISH LANGUAGE, KISWAHILI and BIOLOGY than all subjects. Despite the effort in teaching, PUGU SECONDARY SCHOOL is still considered as yellow school.</span><br></p>', NULL, NULL, NULL, 0, '0', NULL, '2024-07-28 12:05:51', '2024-07-28 12:05:51'),
(138, NULL, 'VETA Head Office', NULL, '-', 27, 216, 'veta@raha.com', 222863407, NULL, 1, 0, 0, 0, 1, NULL, 'Chang\'ombe Road, P.O.Box 2849 Dar es Salaam, Tanzania', 'https://www.veta.go.tz', '-', '20240728071258.png', '<p><span style=\"color: rgb(10, 14, 14); font-family: &quot;trebuchet ms&quot;, geneva, sans-serif; font-size: 16px;\">The Vocational Education and Training Authority&nbsp;</span><a href=\"https://www.youtube.com/watch?v=1ikXGzelu7s\" style=\"background-color: rgb(255, 255, 255); color: rgb(52, 152, 219); font-family: &quot;trebuchet ms&quot;, geneva, sans-serif; font-size: 16px;\">(VETA)</a><span style=\"color: rgb(10, 14, 14); font-family: &quot;trebuchet ms&quot;, geneva, sans-serif; font-size: 16px;\">&nbsp;is a government institution mandated the role of providing, promoting, and facilitating financial support for providing of Vocational Education and Training system in Tanzania.</span><br></p>', NULL, NULL, NULL, 0, '0', NULL, '2024-07-28 12:12:58', '2024-07-28 12:12:58'),
(139, NULL, 'Arizona Vocational Training Centre', NULL, '-', 27, 216, 'info@arizonavtc.co.tz', 742466965, NULL, 1, 0, 0, 0, 1, NULL, 'MIKOCHENI A, Opposite TANESCO, Mwai Kibaki Rd, Dar es Salaam', 'www.arizonavtc.co.tz', '-', '', '<p style=\"margin-block: 0px 0.9rem; color: rgb(122, 122, 122); font-family: Outfit, sans-serif; font-size: 16px; text-align: justify;\"><span style=\"font-weight: bolder;\">Arizona Vocational Training Centre</span>&nbsp;(REG/NACTVET/1056) is a premier institution dedicated to providing high-quality vocational and technical education in Tanzania.</p><p style=\"margin-block: 0px 0.9rem; color: rgb(122, 122, 122); font-family: Outfit, sans-serif; font-size: 16px; text-align: justify;\">Our aim is to empower individuals with the skills and knowledge they need to excel in various industries and contribute to the socio-economic development of the country.</p>', NULL, NULL, NULL, 0, '0', NULL, '2024-07-28 12:18:36', '2024-07-28 12:18:36'),
(140, NULL, 'Tegeta Vocational Training Centre (TVTC)', NULL, '-', 27, 216, 'vetadsmzone@veta.go.tz', 713323001, NULL, 1, 0, 0, 0, 1, NULL, 'Dar es Salaam', 'https://veta.go.tz › vetcat › listCourse ·', '-', '', 'Tegeta Vocational Training Centre in Tanzania is a VETA Registered Centre with a vision to empower and prepare their students for the labour market and self-employment (chuo cha Tegeta Vocational Training Centre | VETA Tegeta Vocational Training Centre). Their mission is to create a good learning environment which meets the Education, Training and Development expectations of their students.\r\nA student wishing to study at Tegeta Vocational Training Centre should apply online or physically attend to Tegeta Vocational Training Centre to seek for admissions or fetch the application form.', NULL, NULL, NULL, 0, '0', NULL, '2024-07-28 12:24:17', '2024-07-28 12:24:17'),
(141, NULL, 'VETA Kipawa- ICT CENTER', NULL, '-', 27, 216, 'kict@veta.go.tz', 222843361, NULL, 1, 0, 0, 0, 1, NULL, 'Karakata, Kipawa Dar es Salaam TZ, 40040', 'https://vetakipawa.ac.tz', '-', '', 'I am delighted that you have decided to visit our website. I am sure you will enjoy browsing through it and learning something you didn’t know about before.\r\nVETA Kipawa Information Communication Technology Center is a newly established Institute by our Government through a soft loan from The Government of South Korea. \r\nCOURSE COMPETENCES • Connect and use computer and its peripherals. • Create and prepare documents. • Formulate and analyze data. • Create and Design Publications. • Prepare presentation. • Working with internet, send and receive emails. COURSE CONTENT • Introduction to Computer and its peripherals • Document preparation and formation. (Microsoft Office Word) • Data preparation, formation and analysis (Microsoft Office Excel) •', NULL, NULL, NULL, 0, '0', NULL, '2024-07-28 12:29:45', '2024-07-28 12:29:45'),
(142, NULL, 'Kaluta Vocational Training Centre', NULL, '-', 27, 216, 'info@kalutavtc.ac.tz', 222172282, NULL, 1, 0, 0, 0, 1, NULL, 'Mtaa wa Longido, Dar es Salaam', 'https://kalutavtc.ac.tz', '-', '', 'University college provides courses  for (VETA)curriculum  studies, and is under NACTE registration. The college is situated at Magomeni Mikumi Kinondoni District,Dar es Salaam Region.\r\nCollege have extensively and experienced training staffs can able to teach different subjects of field technician by practice.   \r\nThe College also provide   better services of boarding accommodation for the students for the whole day, in according to education sector. It also provides trainings for VETA curriculum through courses as follows;\r\nElelctrical Homes,cars,electronics, Satelite dish,welding,electrical fence,automatic gates,parking shades and so forth..', NULL, NULL, NULL, 0, '0', NULL, '2024-07-28 12:59:28', '2024-07-28 12:59:28'),
(143, NULL, 'ABC Vocational Training College', NULL, '-', 27, 216, 'abcvtc1992@gmail.com', 754693725, NULL, 1, 0, 0, 0, 1, NULL, 'Arusha', 'https://abcvtc1992.blogspot.com', '-', '', 'Arusha Technical College (ATC) is improving access and quality of vocational education and training in Tanzania by opening chapter highlights the situation of young people and their participation in the labour market. ATC through VET department has motivated students, career counselling, honour VET education, competent instructors and adequacy of infrastructure resources throughout the years while improving internet connectivity to facilitate modern learning and 21st century skills.\r\nThe Department of Vocational Education and Training Offers part-time courses in Engineering, Science and Technology. It is also responsible for VET Programs whereby Primary school leavers as well as secondary school leavers have an opportunity to be trained as artisan under Vocational Education and Training Authority (VETA) mandate within a duration ranging from one to three years. Once completed VET programs and awarded National Vocational Award NVA) level III, it is possible for the successful student to progress further toTechnical Education Training (TET) programs through a special programme known as Pre-Technology Programme offered at Arusha Technical College for about three months to persue the National Vocational Award.', NULL, NULL, NULL, 0, '0', NULL, '2024-07-28 13:13:37', '2024-07-28 13:13:37'),
(144, NULL, 'Arusha Vocational Training Centre', NULL, '-', 27, 216, 'arushavtc@veta.go.tz', 736500507, NULL, 1, 0, 0, 0, 1, NULL, 'ARUSHA VTC  P.O.Box 509 ARUSHA', 'https://veta.go.tz › vetcat › centre ›', '-', '', 'Thank	you	very	much	for	your	valuable	visit	to	Tanzania	particularly Arusha	Vocational	Education	and	\r\nTraining	Centre.	We	felt	very	proud	to	be	visited	by	the	Virgin	Media	group.\r\nTeaching	 and	 learning	 is	 one	 of the	 most	 delightful	 activities	 in	 life	 when	 it	 is	 carried	 out	 in	\r\naccordance	 with	 a	 well	 structured	 education	 system.	 Vocational	 Education	 and	 Training	 Authority	\r\n(VETA)	 is	 one	 of	 an	 Autonomous	 Government	 agency	 	 which	 imparts	 skills	 and	 knowledge	 to	 its	\r\ntrainees that	they	may	either	get	Formal	or	Informal	Employment.\r\nI	wish	to	express	my	deepest	gratitude	to	Meserani	Project coordinator Mr.	Peter	and	his	wife	Diane	\r\nfor	 connected	 	 Arusha	 Vocational	 Training	 Centre with	 the	 Virgin	 Media group	 from	 England.	\r\nHowever	 special	 thanks	 should	 go	 to Virgin	 Media	 group	 Leaders	 for	 their	 moral	 and	 material	\r\nsupport to	 our	 Centers. You	 sincerely provided	 us valuable	 items	 and	 tools, 13 laptops, two\r\nprojectors,	speakers,	wireless mouse and	Electrical	tools.\r\nWe	are	proud	of	having	8	trainees	from	Meserani	project,	they	are	very	friendly	and	capable	of	their	\r\nfield.\r\nI take	this	opportunity	to	humbly	welcome you again	believing that our	connection	will	be	useful to all	of	us.', NULL, NULL, NULL, 0, '0', NULL, '2024-07-28 13:20:34', '2024-07-28 13:20:34'),
(145, NULL, 'VETA Arusha HQ', NULL, '-', 27, 216, 'arushavtc@veta.go.tz', 622294243, NULL, 1, 0, 0, 0, 1, NULL, 'Arusha', 'https://veta.go.tz › vetcat › centre', '-', '', 'The Vocational Education and Training Authority (VETA) is a government institution mandated the role of providing, promoting, and facilitating financial support for providing of Vocational Education and Training system in Tanzania.\r\nVETA training programmes are organized in thirteen occupational sectors namely, Mechanical; Electrical; Civil and Building Engineering; Automotive; Commercial Services and Business Support; Clothing and Textile; Transport; Mining; Printing; Cosmetology; Agriculture and Food Processing; and Hospitality, Tourism and Travel Agency and Fine and Performing Arts.', NULL, NULL, NULL, 0, '0', NULL, '2024-07-28 13:28:55', '2024-07-28 13:28:55'),
(146, NULL, 'tanganyika polytechnic college', NULL, '(Ref. No: VET/ARS/PR/2018/C/113)', 27, 216, 'principal@tanpoly.ac.tz', 737008000, NULL, 1, 0, 0, 0, 1, NULL, 'Arusha', 'www.tancollege.ac.tz.', '-', '', 'Tanganyika Polytechnic College (TanCollege) is a vocational training institution Registered by the Vocational Education and Training Authority.\r\nPrograms and courses\r\nCertificate Courses (11 courses)\r\nCertificate in Computer Applications(Computer Applications)\r\nCertificate in Tour Guiding Operations(Tour Guiding Operations)\r\nCertificate in Driving Skills(Driving Skills)\r\nCertificate in Entrepreneurship(Entrepreneurship)\r\nCertificate in Music(Music)\r\nCertificate in Graphic Design, TV Motion Graphics & Video Production,\r\nCertificate in Graphic design and Video Production\r\nCertificate in Tailoring and Fashion Design\r\nCertificate in Electrical and Solar Installation\r\nCertificate in Art and Design in African Culture\r\nCertificate in Computer Maintenance\r\nDiploma Courses (3 courses)\r\nDiploma in Information Communication Technology(ICT)\r\nDiploma in Electrical Installation\r\nDiploma in Designing, Sewing and Clothing Technology.', NULL, NULL, NULL, 0, '0', NULL, '2024-07-28 13:48:13', '2024-07-28 13:48:13'),
(147, NULL, 'St. Gabriel VTC and motor vehicle Workshop.', NULL, '-', 27, 216, 'mt.gabriel@yahoo.com', 754488293, NULL, 1, 0, 0, 0, 1, NULL, 'P.O.BOX 3044, ARUSHA', 'https://mabumbe.com › st-gabriel', '-', '', 'St. Gabriel Vtc in Tanzania is a VETA Registered Centre with a vision to empower and prepare their students for the labour market and self-employment (chuo cha St. Gabriel Vtc | VETA St. Gabriel Vtc). Their mission is to create a good learning environment which meets the Education, Training and Development expectations of their students.\r\nA student wishing to study at St. Gabriel Vtc should apply online or physically attend to St. Gabriel Vtc to seek for admissions or fetch the application form..', NULL, NULL, NULL, 0, '0', NULL, '2024-07-28 13:56:17', '2024-07-28 13:56:17'),
(148, NULL, 'VETA Igogo Mwanza', NULL, '-', 27, 216, 'info@iae.ac.tz', 222150838, NULL, 1, 0, 0, 0, 1, NULL, 'P. O. Box 22,Mwanza', 'https://www.veta.go.tz', '-', '', 'To ensure availability of Vocational Skills in Tanzania through provision and promotion of Vocational Education and Training (VET) to meet labour market demand for socioeconomic development.”\r\nVETA is charged with the role of promoting vocational education and training in the country. VETA believes that the public can support VET if it is provided with adequate information about VET goals and activities. Promotion is carried by communicating VET to different stakeholders including the government, parents, employers, employees, and donors. Also, current and prospective trainees, instructors, VET graduates legislators, trade unions, NGOs and the media..\r\nVETA uses different media in communicating VET to stakeholders: through advertising, VET week activities, public presentations, trade fairs and exhibitions and publicity. Others include newsletters, annual reports, brochures, VET catalogues, website and other promotional materials.', NULL, NULL, NULL, 0, '0', NULL, '2024-07-28 14:15:21', '2024-07-28 14:15:21'),
(149, NULL, 'Bugando School of Nursing', NULL, '-', 27, 216, 'amson@bugando.ac.tz', 763463439, NULL, 1, 0, 0, 0, 1, NULL, 'Mwanza', 'https://bugando.ac.tz › schools', '-', '', 'ABOUT US- AAMSoN produces well equipped nurses with Bachelor of Science in Nursing and Nurse Teachers with Bachelor of Science in Nursing with Education. The school also trains specialized pediatric Nurses at Masters level. The programs are geared toward producing innovative, creative and flexible nurses and nurse teachers who will cope with the dynamic changes of their professions, technology and socio-economic needs. Emphasis is on nursing standards, ethical issues and values of human life in the nursing and midwifery profession.', NULL, NULL, NULL, 0, '0', NULL, '2024-07-28 14:20:22', '2024-07-28 14:20:22'),
(150, NULL, 'Igan\'s Computer Training Center', NULL, '-', 27, 216, 'migangula2002@yahoo.com', 655305456, NULL, 1, 0, 0, 0, 1, NULL, 'Nkomo St, Dar es Salaam', 'iganscomputercenter.blogspot.com', '-', '', 'Igan\'s Computer Training Center is located in Mwanza. Igan\'s Computer Training Center is working in Higher education (colleges and universities) activities.\r\nIgan\'s Computer Training Center provide series of both long and short courses training, one of them being Full Secretarial Course,Basic Computer skills. Use of computers is fully integrated in all the courses that we offer. You have to show a computer basics certificate or to an entry level. Also he provides English course, IT course, Accounting Packages, Driving course as well as Graphics and Design.', NULL, NULL, NULL, 0, '0', NULL, '2024-07-28 14:41:35', '2024-07-28 14:41:35'),
(151, NULL, 'Lake zone driving school.', NULL, '-', 27, 216, 'lakedrivingschool@yahoo.com', 754252465, NULL, 1, 0, 0, 0, 1, NULL, 'Mwanza', 'https://www.facebook.com ›lake zone drivingschool', '-', '', 'The Lake zone driving svhool  is striving for world-class excellence in technical and vocational education.\r\nThe centre provides training of its kind in the country by producing competent drivers who serve both the government and the private sectors. The centre is proud of its dedicated and competent instructors and a fleet of training vehicles which results in the production of the best drivers for both national and international demands.\r\nThe institute offers tailor-made seminars, consultancy, and training to suit the customer requirements, based on the customer’s nature of transport activities from rugged off-road 4x4 driving to everyday defensive driving techniques.', NULL, NULL, NULL, 0, '0', NULL, '2024-07-28 15:11:30', '2024-07-28 15:11:30'),
(152, NULL, 'Becha power company limited', NULL, '-', 28, 216, 'info@bechapower.co.tz', 783769876, NULL, 1, 0, 0, 0, 1, NULL, 'Mark’s Secondary School, Kongowe- bakwata along Kilwa Rd, Opposite: St, Dar es Salaam', 'https://bechapower.co.tz', '-', '', 'Becha power Company Limited is a privately owned Limited Liability company incorporated under Tanzania Companies Ordinance Act Cap. 212 on 31 July, 2014 under certificate of Incorporation No: 110260, with the purpose of serving the business of solar, two-way radio communication and car battery solutions. We support our customers for the everything they need to build a complete ready to use communication and power systems.\r\nBecha satisfies customer demand by providing the very best in two-way radio communication, solar and car batteries solutions and technical support. We have teamed with leading manufacturers of well-designed and easy to use devices so we can deliver solutions that meet the specific needs of your organisation. Training is an important issue, we have the means to train your staff in setting up and operating the system in compliance with international rules and regulations.', NULL, NULL, NULL, 0, '0', NULL, '2024-07-28 15:43:41', '2024-07-28 15:43:41'),
(153, NULL, 'Ruaha energy', NULL, '-', 28, 216, 'info@rea.go.tz', 222412001, NULL, 1, 0, 0, 0, 1, NULL, '2nd Floor, Mawasiliano Towers, 20 Sam Nujoma Rd, Dar es Salaam', 'webmaster@rea.go.tz', '-', '', 'Rural Energy Agency (REA) is an autonomous body under the Ministry of Energy of the United Republic of Tanzania. Its main role is to promote and facilitate improved access to modern energy services in rural areas of Mainland Tanzania.\r\nRural Energy Agency (REA) is an autonomous body under the Ministry of Energy of the United Republic of Tanzania. Its main role is to promote and facilitate improved access to modern energy services in rural areas of Mainland Tanzania. REA became operational in October 2007.', NULL, NULL, NULL, 0, '0', NULL, '2024-07-28 15:50:13', '2024-07-28 15:50:13'),
(154, NULL, 'Solar power', NULL, '-', 28, 216, 'infor@s-power.solar', 732033330, NULL, 1, 0, 0, 0, 1, NULL, 'Haile Selassie Rd, Dar es Salaam', 'https://www.s-power.co.uk', '-', '', 'Investing now in a domestic solar PV panel system before 31st Dec 2015, will guarantee you an income of 12.47p per unit for the next 20 years. Taking into consideration the UK Governments guarantee, your will have one of the most profitable and safest government backed tax free investments available.\r\nInvestments have one thing in common - the higher the income, the higher the risk, but not all of us are willing to take that risk. Fortunately, there are exceptions and the exception in this case is the government\'s guarantee on your investment into green power sources.', NULL, NULL, NULL, 0, '0', NULL, '2024-07-28 15:57:26', '2024-07-28 15:57:26'),
(155, NULL, 'Ensol limited', NULL, '-', 28, 216, 'info@ensol.co.tz', 766694413, NULL, 1, 0, 0, 0, 1, NULL, 'House No. 14 New City Road, Mikocheni A, Dar es Salaam 14112', 'https://ensol.co.tz', '-', '', 'Established in August, 2001, ENSOL LTD is a 100% Tanzanian company. The company is registered with Contractors Registration Board (CRB) as an Electrical Contractor specialising in Solar Energy. The company is also a corporate member of Tanzania Solar Energy Association, an umbrella organisation uniting all RE practitioners.\r\nSolar energy can be harnessed, converted and applied to development objectives such as electrification of homes,school and health clinics, providing power to small business and micro enterprises,facitating p communication access,water pumping & irrigation street lighting,using the energy to power computer etc.', NULL, NULL, NULL, 0, '0', NULL, '2024-07-28 16:02:21', '2024-07-28 16:02:21'),
(156, NULL, 'Leo energy solutions ltd', NULL, '-', 28, 216, 'infor@leoenergysolutions.co.tz', 715050545, NULL, 1, 0, 0, 0, 1, NULL, 'P.O.Box 03 Madaba, Dar es Salaam', 'www.leoenergysolutions.co.tz', '-', '', 'Leo Energy Solutions LTD is a social enterprise Tanzanian based company founded by local entrepreneurs with a passion for renewable generated energy.\r\nLeo Energy Solutions LTD is a clean energy development company which combines technical, social and entrepreneurship expertise to provide renewable energy services and support sectors related to renewable energy.\r\nSpecialties\r\nElectrical Supplier, Productive use of Electricity, Electronic Supplier, Renewable Energy Installation.\r\nEnergy is an energy integrator and a renewable energy solution provider with specialized expertise in solar technologies and solutions.', NULL, NULL, NULL, 0, '0', NULL, '2024-07-28 16:15:09', '2024-07-28 16:15:09'),
(157, NULL, 'Signal power and energy Tanzania ltd', NULL, '-', 28, 216, 'tanzania@signalelectricals.com', 692105747, NULL, 1, 0, 0, 0, 1, NULL, 'Karakana, Tazara Area, Sea View, Dar Es Salaam, Tanzania Plot No.198 J.Nyerere', 'www.signalelectricals.com', 'Commercial & Industrial Equipment Supplie', '', 'SIGNAL POWER & ENERGY TANZANIA LTD.\r\nWe are Dealing with Electrical Equipment Supply.\r\n\r\nDOMESTIC ELECTRICALS SUPPLY \r\nCOMMERCIAL ELECTRICALS SUPPLY \r\nINDUSTRIAL ELECTRICALS SUPPLY  “Ultimate Quality Electricals Supply” \r\nAs Signal international having experience of cable production and marketing for more than 30 years, we offer espected brands to the international markets especially west africa and middle east. \r\nOur adventure started  in 1975, continuous by offering qualified products which are asked in more than thirty countries.\r\nSignal international offers \"Electric Materials\" with wide spectrum of kinds such as in door energy cables to high voltage energy cables, in door lightining armature to street and road armatures.\r\n\r\nWe have been offering high qualified products to respected wholesalers, contruction companies and other consumers in ghana markets since 2001.', NULL, NULL, NULL, 0, '0', NULL, '2024-07-28 16:36:42', '2024-07-28 16:36:42'),
(158, NULL, 'Virunga power', NULL, '-', 28, 216, 'info@virungapower.com', 972315319, NULL, 1, 0, 0, 0, 1, NULL, 'Kilwa House, Ground Floor, 369 Toure Dr, Dar es Salaam', 'https://www.virungapower.com', '-', '', 'Virunga Power was formed in 2011 as a developer, investor, and operator of renewable power projects and rural distribution grids. Our focus is on building and operating utility-scale projects across East and Southern Africa and beyond with a goal of bringing high-quality, low cost power to rural communities that currently lack reliable access to modern energy.\r\n\r\nThe \"Virunga\" name is inspired by the Virunga Mountains, a volcanic, mountainous region that stretches across the borders of Uganda, Rwanda, and the Democratic Republic of Congo. The trans-border Virunga region is famous for its wildlife and national parks, but outside of the protected reserves it is also one of the most densely populated rural areas of the continent. Despite abundant renewable resources for power generation, electrification remains very low, leaving the local communities reliant on traditional biomass and kerosene for energy and causing additional stress on the environment. This region exemplifies the regional and continent-wide opportunity to enable sustainable economic development for the local communities by bringing clean, low-cost power through rural utility projects.', NULL, NULL, NULL, 0, '0', NULL, '2024-07-28 16:54:54', '2024-07-28 16:54:54'),
(159, NULL, 'M kopa solar Tanzania Hq', NULL, '-', 28, 216, 'info@m-kopa.com', 708063850, NULL, 1, 0, 0, 0, 1, NULL, 'Tanzania; Dar es Salaam; Old Bagamoyo Road, no. 352 A, Mikocheni Phase 2', 'http://www.m-kopa.com', '-', '', 'We believe that everyone should have the power to achieve progress in their life, and access to financing unlocks this power. We reach customers who are underserved by traditional financial services, which often require customers to have a credit history or assets to secure financing.\r\n\r\nOur innovative financing model offers them instant access to the product, while building ownership over time through flexible micro-payments.\r\n\r\nOnce a customer has paid off the instalments for their product, they can leverage this asset and their credit history with M-KOPA to access more products and services to progress in their life.', NULL, NULL, NULL, 0, '0', NULL, '2024-07-28 17:06:37', '2024-07-28 17:06:37'),
(160, NULL, 'Jaza energy', NULL, '-', 28, 216, 'info@jazaenergy.com', 748334633, NULL, 1, 0, 0, 0, 1, NULL, 'Al Dua Tower, Bagamoyo Rd, Dar es Salaam', 'https://jazaenergy.com', '-', '', 'It takes a village to power the planet. We come from all walks of life and believe that our diversity of thought makes us resilient and agile. At Jaza we have a bias for action and believe in the power of thinking big.\r\n\r\nWant to build the future of power and distribution? Join us at Jaza and unlock your potential.\r\nOur packs are custom lithium-ion batteries that our customers take home to power anything from TVs to lights and cellphones. This portable approach to energy leap-frogs transmission lines and wired infrastructure. Every hour of light provided by Jaza displaces kerosene and diesel, which are commonly used for lighting and powering generators. Kerosene and diesel emit carbon into the atmosphere and prolonged exposure is unhealthy.', NULL, NULL, NULL, 0, '0', NULL, '2024-07-28 17:30:28', '2024-07-28 17:30:28'),
(161, NULL, 'Sephon ltd', NULL, '-', 28, 216, 'sales@sepon.co.tz', 683055307, NULL, 1, 0, 0, 0, 1, NULL, 'Mlimani Tower 4th Floor, Opp Mliman City', 'https://sepon.co.tz', '-', '', 'Sepon Limited is a limited company that was registered on 22nd August 2013 by BRELA as a company limited by shares and with registration number 101794. The company is also registered with Tanzania Revenue Authority (TRA) with Tax Payer’s (TIN) number 121-899-779 on 9th September 2013 as well as Value Added Tax (VAT) number 40-017145-O.  The company offices is located in  Dar es Salaam at Mlimani Tower 7th Floor opposite Mlimani City along Sam Nujoma Road. The company main business is supply and installation of solar energy equipment for various applications such as domestic, health, school and business applications. Sepon Limited has so far served 210 esteemed clients since  2013 that are spread all over Tanzania.', NULL, NULL, NULL, 0, '0', NULL, '2024-07-28 17:34:33', '2024-07-28 17:34:33'),
(162, NULL, 'Tanesco kinyerezi', NULL, '-', 28, 216, 'customer.service@tanesco.co.tz', 748550000, NULL, 1, 0, 0, 0, 1, NULL, 'Gas Plan, STANSLAUS SIMBILA SIMBILA ... 114Dar es Salaam Road, P.O.Box 453 Dodoma.', 'https://www.tanesco.co.tz', '-', '', 'Tanzania Electric Supply Company Limited (TANESCO) is a Parastatal organization established by Memorandum and Articles of Association incorporated on 26th November 1931 which established Tanzania Electric Supply Company Limited (the then Tanganyika Electric Supply Company Limited -TANESCO). The Company generates, purchases, transmits, distributes, and sells electricity to Tanzania Mainland and sells bulk power to the Zanzibar Electricity Corporation (ZECO), which in turn sells it to the public in islands Unguja and Pemba. TANESCO owns most of the electricity generating, transmitting, and distributing facilities in Tanzania Mainland with an estimated population of over 50 million.\r\n\r\nHistorically, the German colonialists established the first public electricity supply in Tanzania, the then called Tanganyika in 1908 at Dar es Salaam. It served the railway workshops and a part of the town where the colonialists were mostly staying. In 1920, when Tanganyika territory was put under Great Britain protectorate, a Government Electricity Department was formed to take over and operate the public supplies left by the Germans. In 1931, the Government handed over the undertaking at Dar es Salaam and those elsewhere upcountry (Dodoma, Tabora, and Kigoma) to private enterprises. One of these companies was the Tanganyika Electric Supply Company Ltd. (TANESCO) and the other Company was the Dar es Salaam and District Electric Supply Company Ltd (DARESCO). The two companies were merged in 1964 and later changed their name into Tanzania Electric Supply Company (TANESCO).', NULL, NULL, NULL, 0, '0', NULL, '2024-07-28 17:40:45', '2024-07-28 17:40:45'),
(163, NULL, 'Zola customer centre', NULL, '-', 28, 216, 'support@zola.com', 800247365, NULL, 1, 0, 0, 0, 1, NULL, 'Dodoma', 'https://locator.zolaelectric.com', '-', '', 'ZOLA’s roots began in and around the Serengeti in Tanzania, where our founders observed that both off grid and on grid communities rely on dirty, expensive and hard to manage forms of energy including diesel, kerosene and lead acid batteries. No primary, integrated power source existed, it was purely inefficient backup systems, an impediment to these communities achieving their full social and economic potential. Our mission to solve one of the world’s great problems, energy inequality, one that afflicts over 2 billion people and hundreds of millions of businesses globally was born.\r\nOver a decade ago we started by installing smart, connected devices (lithium ion batteries and solar) that powered basic energy needs such as lighting for rural communities. Our theory that thousands of networked, connected devices will drive the energy transition in emerging markets holds true today.', NULL, NULL, NULL, 0, '0', NULL, '2024-07-28 17:51:47', '2024-07-28 17:51:47');
INSERT INTO `businesses` (`id`, `job`, `business_name`, `business_title`, `business_registration`, `category_id`, `country_id`, `business_email`, `business_phone`, `user_id`, `status`, `claim`, `verify`, `transfer`, `display`, `account`, `headquarters`, `website`, `slogan`, `logo`, `description`, `letter`, `business_licence`, `company_reg`, `total_review`, `total_rating`, `deleted_at`, `created_at`, `updated_at`) VALUES
(164, NULL, 'Tanesco regional office Dodoma', NULL, '-', 28, 216, 'customer.service@tanesco.co.tz', 748550000, NULL, 1, 0, 0, 0, 1, NULL, 'P.O.Box 453 Dodoma', 'https://www.tanesco.co.tz', '-', '20240729110506.png', 'Tanzania Electric Supply Company Limited (TANESCO) is a Parastatal organization established by Memorandum and Articles of Association incorporated on 26th November 1931 which established Tanzania Electric Supply Company Limited (the then Tanganyika Electric Supply Company Limited -TANESCO). The Company generates, purchases, transmits, distributes, and sells electricity to Tanzania Mainland and sells bulk power to the Zanzibar Electricity Corporation (ZECO), which in turn sells it to the public in islands Unguja and Pemba. TANESCO owns most of the electricity generating, transmitting, and distributing facilities in Tanzania Mainland with an estimated population of over 50 million.\r\n\r\nHistorically, the German colonialists established the first public electricity supply in Tanzania, the then called Tanganyika in 1908 at Dar es Salaam. It served the railway workshops and a part of the town where the colonialists were mostly staying. In 1920, when Tanganyika territory was put under Great Britain protectorate, a Government Electricity Department was formed to take over and operate the public supplies left by the Germans. In 1931, the Government handed over the undertaking at Dar es Salaam and those elsewhere upcountry (Dodoma, Tabora, and Kigoma) to private enterprises. One of these companies was the Tanganyika Electric Supply Company Ltd. (TANESCO) and the other Company was the Dar es Salaam and District Electric Supply Company Ltd (DARESCO). The two companies were merged in 1964 and later changed their name into Tanzania Electric Supply Company (TANESCO).', NULL, NULL, NULL, 0, '0', NULL, '2024-07-29 16:05:06', '2024-07-29 16:05:06'),
(165, NULL, 'Mobisol Dodoma', NULL, '-', 28, 216, 'INFO@TANZANIAMAILING.CO.TZ', 766550600, NULL, 1, 0, 0, 0, 1, NULL, 'Dodoma', 'www.tanzaniamailing.com', '-', '', 'Mobisol is a leading German company for prepaid Solar Home Systems (SHS) dedicated to delivering a clean, affordable alternative to fossil fuels for low-income households living without access to reliable energy. Mobisol’s products combine solar energy with innovative mobile technology and microfinance. Mobisol is currently serving over 30,000 customers in Tanzania and Rwanda. Mobisol is aspiring to scale rapidly in order to reach hundreds of thousands of households in off grid communities – thereby stimulating economic and social development in project countries while simultaneously contributing to global environmental protection.', NULL, NULL, NULL, 0, '0', NULL, '2024-07-29 16:15:17', '2024-07-29 16:15:17'),
(166, NULL, 'Ewura head office', NULL, '-', 28, 216, 'info@ewura.go.tz', 262329002, NULL, 1, 0, 0, 0, 1, NULL, 'First Floor, · 3 EWURA Street, · 41104 Tambukareli,  P.O Box 2857, · Dodoma, Tanzania', 'www.ewura.go.tz', '-', '20240729112205.jpg', 'The Energy and Water Utilities Regulatory Authority (EWURA) is an autonomous multi-sectoral regulatory authority established by the EWURA Act Cap 414 of the laws of Tanzania. It is responsible for technical and economic regulation of the electricity, petroleum, natural gas and water sectors in Tanzania pursuant to Cap 414 and sector legislation.\r\nThe functions of EWURA include among others, to issue licenses, regulating rates and charges, making rules, monitoring the performance of the regulated sectors, facilitating resolution of complaints and disputes between service providers and consumers of regulated goods and services and disseminate information about matters relevant to its functions.', NULL, NULL, NULL, 0, '0', NULL, '2024-07-29 16:22:05', '2024-07-29 16:22:05'),
(167, NULL, 'L & T  constructions Tanzania', NULL, '-', 28, 216, 'infodesk@larsentoubro.com', 222129050, NULL, 1, 0, 0, 0, 1, NULL, 'Junction of Lugalo and Magore Street at Upanga, Amverton Office Park, First Floor, Magore St, Dar es Salaam', 'https://www.larsentoubro.com', '-', '20240729113151.jpg', 'Headquartered in Mumbai, Larsen & Toubro Limited is one of the largest and most respected companies in India\'s private sector. With over 80 years of a strong, customer focused approach and a continuous quest for world-class quality, L&T has unmatched capabilities across Technology, Engineering, Construction, and Manufacturing, and maintains a leadership in all its major lines of business.\r\nA thrust on international business over the years has seen L&T\'s global footprint growing steadily. We have manufacturing facilities in key geographies, and offices and customers in over 30 countries.', NULL, NULL, NULL, 0, '0', NULL, '2024-07-29 16:31:51', '2024-07-29 16:31:51'),
(168, NULL, 'Sagar energy solutions', NULL, '-', 28, 216, 'info@sagarenergysolutions.re', 768334334, NULL, 1, 0, 0, 0, 1, NULL, 'Kirumba, Mwanza', 'www.sagarenergysolutions.re/', '-', '', 'Sagar Energy Solutions is an ambitious clean-tech start-up that targets productive loads in the industrial sector of East Africa. Our mission is ‘to transition niche and artisanal businesses away from fossil fuel dependence and towards renewable energy solutions.’\r\nCurrently, in Lake Victoria, over 160,000,000 USD are spent every year on over 216,000,000 litres of kerosene to fuel pressurised kerosene lanterns to attract a type of sardine at night. This sardine equals over 50% of the lake’s yearly catch, is the main source of protein for the entire region and provides jobs for millions of people. This night fishing industry is an incredibly productive sector, yet is fully reliant on an unsustainable practice, posing economic burdens to the fishermen and their families, significant negative health effects, and it also emits over 400,000 tonnes of CO2 a year.', NULL, NULL, NULL, 0, '0', NULL, '2024-07-29 16:42:04', '2024-07-29 16:42:04'),
(169, NULL, 'Mwanza urban water and sanitation authority', NULL, '-', 28, 216, 'info@mwauwasa.go.tz', 282500547, NULL, 1, 0, 0, 0, 1, NULL, 'Maji House Barabara ya Balewa S.L.P 317, MWANZA', 'https://www.mwauwasa.go.tz', '-', '', 'Mwanza Urban Water Supply and Sanitation Authority (MWAUWASA) was established in July 1996 under Water Works Ordinance Cap 281 (as amended by Act no 8 1997 of) as a semi autonomous executive agency of the government for provision of adequate, reliable and sustainable portable water and waste water management services in Mwanza City at affordable and cost effective prices. It was declared full autonomous from January 1998 and was authorized to extend services to Kisesa Township in Magu District from September 2007. The Authority is wholly owned by the Government of Tanzania.', NULL, NULL, NULL, 0, '0', NULL, '2024-07-29 16:47:10', '2024-07-29 16:47:10'),
(170, NULL, 'Power providers company limited', NULL, '-', 28, 216, 'info@powerproviders.co.tz', 739502300, NULL, 1, 0, 0, 0, 1, NULL, 'P.O. Box 16462, Arusha, Tanzania', 'www.powerproviders.co.tz', '-', '', 'An axiom of business is that it should be economically viable, generating from its sales more than those sales cost, plus overheads. That is a necessary principle for starting a business but not a sufficient one: many entrepreneurs never look beyond that principle and indeed their measure of success is how big that surplus can be and how rich they can get. But it is surely better to judge an enterprise on its contribution to the wellbeing of society and not just on how big it is.\r\n\r\nIn the case of Power Providers the cart definitely follows the horse. The green energy business that Clive Jones set up five years ago in the northern Tanzanian town of Arusha is a commercial success by any standards, having grown from zero to an annual turnover of more than $1 million. But it has been grown on its founder’s conviction that developing alternatives to fossil fuels is imperative for human survival—something every schoolchild knows, but is impeded by political and commercial inertia.', NULL, NULL, NULL, 0, '0', NULL, '2024-07-29 19:10:26', '2024-07-29 19:10:26'),
(171, NULL, 'Energy devices company limited', NULL, '-', 28, 216, 'info@powerproviders.co.tz', 767959010, NULL, 1, 0, 0, 0, 1, NULL, 'Nairobi Rd, Arusha 14207', 'www.edc-power.co.tz', '-', '', 'Energy Devices Company Ltd in cooperation with Bredenoord brings you Generator rentals, now in the northern zone of Tanzania.\r\nEnergy Devices has developed key partners throughout India that have supported the growth of our brands. We understand the need to offer choices to our customers and offer a range of technologies, price points and services. We align ourselves to brands that have the same values as ours namely service and support, quality and value for money. All our products are backed by warranties held in India and our experience as well as knowledge sets us apart from our competitors. Our commitment to serving the customer’ needs is paramount.', NULL, NULL, NULL, 0, '0', NULL, '2024-07-29 19:18:36', '2024-07-29 19:18:36'),
(172, NULL, 'Tecnix tz', NULL, '-', 28, 216, 'pmbjerre@yahoo.dk', 659651505, NULL, 1, 0, 0, 0, 1, NULL, 'P.O. Box 2398 Olasiti – Arusha, Tanzania.', 'https://tecnixtz.wordpress.com', '-', '', 'Tecnix Tanzania was established in 2010 to provide homes and businesses with green, renewable energy produced with materials local to Tanzania. Our years of experience with building, installing and maintaining wind generators in Tanzania have allowed us to learn, and thereby improve and refine our wind generators to suit the Tanzanian context.\r\nWind is a renewable resource – one of the most efficient and environmentally friendly sources of power to use[1].  Wind generators do not take up much space, and they harness wind power with very little pollution. While solar panels can be useful, they only produce power when the sun is shining (9 hours max on a good day), and require large, expensive batteries to store power for 24/7 use.  Solar panels are also less efficient at producing energy compared to wind generators and give off more CO2 per kWh.1\r\nWind generators are of course dependent on wind, and sometimes the wind speed is too slow to produce power. However, our system is designed to harvest good power in low wind speeds which is most common but they are also built to survive the high wind speeds and storms.', NULL, NULL, NULL, 0, '0', NULL, '2024-07-29 19:23:35', '2024-07-29 19:23:35'),
(173, NULL, 'Protons energy ltd', NULL, '-', 28, 216, 'info@photonenergy.com', 762067467, NULL, 1, 0, 0, 0, 1, NULL, 'Sakina opposite Suma Jkt Along Arusha-Namanga', 'https://photonsenergy.com', '-', '', 'Photons Energy Ltd is a local EPC company providing end-to-end solar energy services.\r\n\r\nWe design, procure, install, maintain & operate tailor-made solar solutions for both residential & commercial clients across Tanzania.\r\nWe are also a Renewable Energy Components Distribution Company, providing genuine products from reputable manufacturers across the globe.\r\nPhotons Energy Limited is fast growing renewable energy company. We deal with Design, Supply and Installation of Renewable Energy Systems.\r\nAll the projects including the Design, Consultation, Supply and Installation of Renewable Energy Systems', NULL, NULL, NULL, 0, '0', NULL, '2024-07-29 19:31:38', '2024-07-29 19:31:38'),
(174, NULL, 'State oil', NULL, '-', 28, 216, 'info@stategroup.co.tz', 685535558, NULL, 1, 0, 0, 0, 1, NULL, 'Shekilango Rd, Dar es Salaam', 'https://www.stategroup.co.tz', '-', '', 'StateOil Tanzania was founded on the premise that there is a great future for Tanzania and Africa.\r\nStateOil Tanzania was formed and is run by professionals with vivid experience and wide exposure in the oil industry. We have proved commitment to high levels of efficiency, reliability, clean deliveries, timely reporting, and loss-free services.\r\nIn all our processes, safety is one of our foremost priorities. We aspire to be the most reputable, successful and progressive bulk fuel trader and transporters in East and Central Africa.', NULL, NULL, NULL, 0, '0', NULL, '2024-07-29 19:38:54', '2024-07-29 19:38:54'),
(175, NULL, 'Tanzania petroleum development company', NULL, '-', 28, 216, 'info@tpdc.co.tz', 222200103, NULL, 1, 0, 0, 0, 1, NULL, 'Jakaya Kikwete Road , PSSF Kambarage Tower, 8th Floor, P.O.Box 1191, DODOMA', 'https://tpdc.co.tz', '-', '', 'It gives me great pleasure to welcome you, on behalf of the Management and TPDC Staff to our Website.\r\n\r\nTPDC is undergoing massive reforms aimed at increasing our presence in the hydrocarbon value chain. TPDC intends to do this through its subsidiaries (GASCO and TANOIL).\r\nWe have a vision to become a globally competitive company and a key player in the Oil and Gas industry both regionally and internationally. At TPDC team success precedes individual success, an ideal we hold dear to our hearts. We trust each other to deliver on our obligations and constantly strive to achieve quality outcomes.', NULL, NULL, NULL, 0, '0', NULL, '2024-07-29 19:44:32', '2024-07-29 19:44:32'),
(176, NULL, 'Equinor Tanzania', NULL, '-', 28, 216, 'gm_dataprotection@equinor.com', 222664707, NULL, 1, 0, 0, 0, 1, NULL, 'Block A, 429 Mahando St, Dar es Salaam', 'https://www.equinor.com', '-', '', 'Equinor has been in Tanzania since 2007 when the company signed a Production Sharing Agreement (PSA) for Block 2 with Tanzania Petroleum Development Corporation (TPDC).\r\n\r\nEquinor Tanzania is the Operator with 65% participating interest while ExxonMobil is partner with a 35% working interest. TPDC has the right to participate with a 10% interest.\r\n\r\nMajor gas discoveries have been made offshore Tanzania and the country is emerging as a potential large gas producer in East Africa.\r\nEquinor started exploration drilling activities in Block 2 Offshore Tanzania in 2011. A total of 15 exploration wells have been drilled, resulting in nine discoveries with estimated volumes of more than 20 Tcf of gas in place.', NULL, NULL, NULL, 0, '0', NULL, '2024-07-29 19:49:39', '2024-07-29 19:49:39'),
(177, NULL, 'Asam oil company limited', NULL, '-', 28, 216, 'info@asamoil.co.tz', 713570608, NULL, 1, 0, 0, 0, 1, NULL, 'odacom Tower, Morocco, 2nd Floor, Bagamoyo Road Dar es salaam TZ, 15730', 'https://asamoil.co.tz', '-', '', 'Asamoil Company Limited is a commercially wholly owned by the young and energic entrepreneur Azhad Soud Abdulrahim. Asamoil company limited  started wholesale of petroleum products in June 2014 and it is located at Dar es salaam, fire sikukuu street.\r\n\r\nWe are one of the best leading energy suppliers and primary catalyst for economy growth in Tanzania. We have played an integral role in Tanzania economic development.\r\n\r\nThe company has the following core objectives.\r\nDevelop and invest in profitable business within Tanzania\r\nCreate a meaningful employment within Tanzania\r\nGrow talent – business leaders and professionals.', NULL, NULL, NULL, 0, '0', NULL, '2024-07-29 19:53:30', '2024-07-29 19:53:30'),
(178, NULL, 'Oilcom limited terminal', NULL, '-', 28, 216, 'oilcom@oilcomtz.com', 222125312, NULL, 1, 0, 0, 0, 1, NULL, 'Dar Es Salaam. P O Box 20831', 'https://www.oilcomtz.com', '-', '', '22 glorious years in the domain of importing, distributing and marketing Petroleum Products across East and Central Africa-such are the credentials of OILCOM Tanzania Limited. The company came into existence on 26th July 1990 and since then, began a new chapter of success, service and excellence in the trade of Oil & Petroleum Products. Headquartered in Dar es Salaam, the main port and commercial capital of Tanzania, the company has taken huge strides towards expansion in neighboring countries of Malawi, Rwanda, Burundi, Zambia, Kenya, and the Democratic Republic of Congo', NULL, NULL, NULL, 0, '0', NULL, '2024-07-29 19:57:03', '2024-07-29 19:57:03'),
(179, NULL, 'Lake oil ltd', NULL, '-', 28, 216, 'admin@lakeoilgroup.com', 678206838, NULL, 1, 0, 0, 0, 1, NULL, 'Dar es Salaam Kigamboni Dar es Salaam TZ, 5055.', 'https://www.lakeoilgroup.com', '-', '', 'Lake Group is one of East and Central Africa\'s fastest growing energy trading and transportation conglomerates. Ally Edha Awadh the young and energetic entrepreneur founded the first company in Group \'Lake Oil\' in year 2006 at age of 27. Over the years Lake Oil has established a strong footprint in all East and Central African countries and is now one of the 5 largest distributors of petroleum products in Tanzania. Being the mother company, Lake Oil is the strongest entity of the Group with other verticals such as Lake Trans, Lake Gas, Gulf Cement and Concrete Products and most recent addition being African Inland Container Depot. Lake Group is geographically spread across every region of Tanzania and also neighboring countries of Zambia, DRC, Burundi, Rwanda and Kenya. The secret behind our success is by providing highest service standards, providing quality and consistent supply of fuel and customer care.', NULL, NULL, NULL, 0, '0', NULL, '2024-07-29 20:01:23', '2024-07-29 20:01:23'),
(180, NULL, 'Dalbit petroleum ltd', NULL, '-', 28, 216, 'info@dalbitinternational.com', 222863247, NULL, 1, 0, 0, 0, 1, NULL, '2nd Floor, www.dalbitpetroleum.com, Azania Plaza, 9122 Julius K. Nyerere Rd, Dar es Salaam', 'https://www.dalbitpetroleum.com › ...', '-', '', 'Dalbit is a member of the Janus Continental Group (JCG) with presence and operations in nine countries in the Eastern, Central, and Southern African regions. \r\n\r\nIt is a progressive and customer-centric petroleum supply company offering total energy solutions with expertise in the distribution, storage and bulk-trading of petroleum products and related services.\r\nOur founder established the first petroleum company, Congo Petrol, in 1997. Dalbit Petroleum in Kenya followed shortly thereafter in 2002. \r\n\r\nSince then, Dalbit has been striving to become a leading provider of total energy solutions in Eastern, Central, and Southern Africa through its reliable distribution networks.', NULL, NULL, NULL, 0, '0', NULL, '2024-07-29 20:06:03', '2024-07-29 20:06:03'),
(181, NULL, 'Lake oil ltd', NULL, '-', 28, 216, 'admin@lakeoilgroup.com', 678206838, NULL, 1, 0, 0, 0, 1, NULL, 'Dar es Salaam Kigamboni Dar es Salaam', 'https://www.lakeoilgroup.com', NULL, '', 'Lake Group was established by its founding CEO and Chairman Mr. Ally Edha Awadh in 2006 with the opening of its flagship Company \'Lake Oil\' with a very humble beginning. Since inception the growth story of Lake Group was vertical and has become one of the fastest growing energy trading, logistics and construction supply material Conglomerate in East and Central Africa and Middle East.\r\nOver the years, Lake Group has successfully ventured into various business activities covering Downstream Oil & Gas sector, Logistics Solutions, Manufacturing & construction Industries Like Steel, Lubricants and Premix Concrete, Port extension services like Inland Container Depots.\r\nLake Group distributes and trades white Petroleum products in Tanzania, Zambia, DRC, Burundi, Kenya,Ethiopia and Rwanda; owns its own oil storage facilities in Tanzania, Kenya, Burundi and the Democratic Republic of Congo; manufactures lubes and Ready Mix Concrete, and operates a fleet of more than 700 trucks. As an MNC, with its headquarters in Dar Es’ Salaam, Tanzania, Lake Group provides quality products and Services of daily consumption in a safe, efficient and cost-effective manner without damaging the environment.\r\nWith its uncompromising standards of excellence, Lake Group is geographically spread across all over East and Central Africa with one of its largest Premix Plant is located in Dubai.\r\nThe Group is having diverse mix of 21 nationalities with a total work force of 4600 Plus employees of various caliber.', NULL, NULL, NULL, 0, '0', NULL, '2024-08-05 18:23:49', '2024-08-05 18:23:49'),
(182, NULL, 'Lake oil ltd', NULL, '-', 28, 216, 'admin@lakeoilgroup.com', 678206838, NULL, 1, 0, 0, 0, 1, NULL, 'Dar es Salaam Kigamboni Dar es Salaam', 'https://www.lakeoilgroup.com', NULL, '', 'Lake Group was established by its founding CEO and Chairman Mr. Ally Edha Awadh in 2006 with the opening of its flagship Company \'Lake Oil\' with a very humble beginning. Since inception the growth story of Lake Group was vertical and has become one of the fastest growing energy trading, logistics and construction supply material Conglomerate in East and Central Africa and Middle East.\r\nOver the years, Lake Group has successfully ventured into various business activities covering Downstream Oil & Gas sector, Logistics Solutions, Manufacturing & construction Industries Like Steel, Lubricants and Premix Concrete, Port extension services like Inland Container Depots.\r\nLake Group distributes and trades white Petroleum products in Tanzania, Zambia, DRC, Burundi, Kenya,Ethiopia and Rwanda; owns its own oil storage facilities in Tanzania, Kenya, Burundi and the Democratic Republic of Congo; manufactures lubes and Ready Mix Concrete, and operates a fleet of more than 700 trucks. As an MNC, with its headquarters in Dar Es’ Salaam, Tanzania, Lake Group provides quality products and Services of daily consumption in a safe, efficient and cost-effective manner without damaging the environment.\r\nWith its uncompromising standards of excellence, Lake Group is geographically spread across all over East and Central Africa with one of its largest Premix Plant is located in Dubai.\r\nThe Group is having diverse mix of 21 nationalities with a total work force of 4600 Plus employees of various caliber.', NULL, NULL, NULL, 0, '0', NULL, '2024-08-05 18:23:50', '2024-08-05 18:23:50'),
(183, NULL, 'Lake oil ltd', NULL, '-', 28, 216, 'admin@lakeoilgroup.com', 678206838, NULL, 1, 0, 0, 0, 1, NULL, 'Dar es Salaam Kigamboni Dar es Salaam', 'https://www.lakeoilgroup.com', NULL, '', 'Lake Group was established by its founding CEO and Chairman Mr. Ally Edha Awadh in 2006 with the opening of its flagship Company \'Lake Oil\' with a very humble beginning. Since inception the growth story of Lake Group was vertical and has become one of the fastest growing energy trading, logistics and construction supply material Conglomerate in East and Central Africa and Middle East.\r\nOver the years, Lake Group has successfully ventured into various business activities covering Downstream Oil & Gas sector, Logistics Solutions, Manufacturing & construction Industries Like Steel, Lubricants and Premix Concrete, Port extension services like Inland Container Depots.\r\nLake Group distributes and trades white Petroleum products in Tanzania, Zambia, DRC, Burundi, Kenya,Ethiopia and Rwanda; owns its own oil storage facilities in Tanzania, Kenya, Burundi and the Democratic Republic of Congo; manufactures lubes and Ready Mix Concrete, and operates a fleet of more than 700 trucks. As an MNC, with its headquarters in Dar Es’ Salaam, Tanzania, Lake Group provides quality products and Services of daily consumption in a safe, efficient and cost-effective manner without damaging the environment.\r\nWith its uncompromising standards of excellence, Lake Group is geographically spread across all over East and Central Africa with one of its largest Premix Plant is located in Dubai.\r\nThe Group is having diverse mix of 21 nationalities with a total work force of 4600 Plus employees of various caliber.', NULL, NULL, NULL, 0, '0', NULL, '2024-08-05 18:23:51', '2024-08-05 18:23:51'),
(184, NULL, 'Lake oil ltd', NULL, '-', 28, 216, 'admin@lakeoilgroup.com', 678206838, NULL, 1, 0, 0, 0, 1, NULL, 'Dar es Salaam Kigamboni Dar es Salaam, Plot 49, Mikocheni Light Industrial Area, P.O.BOX 5055, Dar es Salaam, Tanzania', 'https://www.lakeoilgroup.com', NULL, '20240805132638.jpg', 'Lake Group was established by its founding CEO and Chairman Mr. Ally Edha Awadh in 2006 with the opening of its flagship Company \'Lake Oil\' with a very humble beginning. Since inception the growth story of Lake Group was vertical and has become one of the fastest growing energy trading, logistics and construction supply material Conglomerate in East and Central Africa and Middle East.\r\nOver the years, Lake Group has successfully ventured into various business activities covering Downstream Oil & Gas sector, Logistics Solutions, Manufacturing & construction Industries Like Steel, Lubricants and Premix Concrete, Port extension services like Inland Container Depots.\r\nLake Group distributes and trades white Petroleum products in Tanzania, Zambia, DRC, Burundi, Kenya,Ethiopia and Rwanda; owns its own oil storage facilities in Tanzania, Kenya, Burundi and the Democratic Republic of Congo; manufactures lubes and Ready Mix Concrete, and operates a fleet of more than 700 trucks. As an MNC, with its headquarters in Dar Es’ Salaam, Tanzania, Lake Group provides quality products and Services of daily consumption in a safe, efficient and cost-effective manner without damaging the environment.\r\nWith its uncompromising standards of excellence, Lake Group is geographically spread across all over East and Central Africa with one of its largest Premix Plant is located in Dubai.\r\nThe Group is having diverse mix of 21 nationalities with a total work force of 4600 Plus employees of various caliber.', NULL, NULL, NULL, 0, '0', NULL, '2024-08-05 18:26:38', '2024-08-05 18:26:38'),
(185, NULL, 'oryx', NULL, '-', 28, 216, 'info@oryxenergies.com', 225514000, NULL, 1, 0, 0, 0, 1, NULL, 'Tan House, Dar es Salaam', 'https://www.oryxenergies.com', '-', '20240806132908.jpg', 'The Oryx brand is well-known in Tanzania, where it is a market leader in fuels, LPG and lubricants distribution.\r\n\r\nOryx Energies offers an integrated supply, storage and distribution model, providing a full range of products and services to domestic and industrial customers. These include fuels sourcing, strategic storage facilities, wholesale distribution, retail service stations, LPG storage, filling and distribution, high quality lubricants from our own blending plant, and a full range of products and services for commercial and industrial clients (including on-site management and logistics).\r\n\r\nWe have been present in the country since 1999, when Oryx acquired Agip’s assets in the country. The size of the country and its strategic port in the capital, Dar es Salaam, make Tanzania an important market and point of access to East Africa, including the landlocked Great Lakes countries. Over the years, we have continued to invest and expand in the country and in East Africa.', NULL, NULL, NULL, 0, '0', NULL, '2024-08-06 18:29:08', '2024-08-06 18:29:08'),
(186, NULL, 'River oil petroleum hq', NULL, '-', 28, 216, 'dg@pura.go.tz', 754277716, NULL, 1, 0, 0, 0, 1, NULL, 'Kenyatta Rd, Mwanza', 'https://www.pura.go.tz', '-', '', 'The Petroleum Upstream Regulatory Authority (PURA), is the regulatory authority established under Section 11 of the Petroleum Act, 2015 (Act No. 21 of 2015) with the mandate to regulate and monitor petroleum upstream operations and LNG activities in the Mainland Tanzania and providing advisory services to the Government and the Minister responsible for petroleum affairs.\r\n\r\nThe mandate is underpinned in several Policy and legal instruments including: the National Energy Policy, 2015; the Petroleum Act, 2015; the Oil and Gas Revenue Management Act, 2015 and the Tanzania Extractive Industries (Transparency and Accountability) Act, 2015. The Oil and Gas Revenue Management Act of 2015 requires PURA to carry out or cause to be carried out costs and revenues audit of the petroleum operations. The Extractive Industry (Transparence and Accountability) Act, 2015 also requires PURA to observe transparency and accountability in its undertakings. PURA mandates is further derived from the National Energy Policy, 2015 which gives guidance on establishment of upstream regulator to effectively and efficiently manage petroleum upstream operations.', NULL, NULL, NULL, 0, '0', NULL, '2024-08-06 18:47:45', '2024-08-06 18:47:45'),
(187, NULL, 'Dawasco house', NULL, '-', 28, 216, 'info@dawasa.go.tz', 222760006, NULL, 1, 0, 0, 0, 1, NULL, 'Dar es Salaam Water Supply And Sanitation Authority (DAWASA)  Jamhuri ya Muungano wa Tanzania  DAWASA YETU BUILDING, P.O Box 1573, DSM', 'https://www.dawasa.go.tz', '-', '20240806142119.png', 'In 1981, the government established the National Urban Water Authority (NUWA) and charged it with the responsibility to develop and manage urban water supply on Tanzania Mainland. NUWA, which became operational in 1984, set a target to take over and reform water supply services in all urban areas in Dar es Salaam. The government re-organized NUWA in 1997 to form the Dar es Salaam Water and Sewerage Authority by merging the functions of NUWA and the sewerage functions of the Sewerage and Sanitation Department of the City Commission. Under the DAWASA Act, DAWASA was made responsible for operating and maintaining all water supply and sewerage services in Dar es Salaam and its satellite towns of Bagamoyo and Kibaha.', NULL, NULL, NULL, 0, '0', NULL, '2024-08-06 19:21:19', '2024-08-06 19:21:19'),
(188, NULL, 'Ewura head office', NULL, '-', 28, 216, 'info@ewura.go.tz', 262329003, NULL, 1, 0, 0, 0, 1, NULL, 'EWURA CENTRAL ZONE · First Floor, · 3 EWURA Street, · 41104 Tambukareli, · P.O Box 2857, · Dodoma, Tanzania', 'www.ewura.go.tz', NULL, '20240806143152.gif', 'The Energy and Water Utilities Regulatory Authority (EWURA) is an autonomous multi-sectoral regulatory authority established by the EWURA Act Cap 414 of the laws of Tanzania. It is responsible for technical and economic regulation of the electricity, petroleum, natural gas and water sectors in Tanzania pursuant to Cap 414 and sector legislation.\r\nThe Energy and Water Utilities Regulatory Authority (EWURA) is an autonomous multi-sectoral regulatory authority established by the EWURA Act Cap 414 of the laws of Tanzania. It is responsible for technical and economic regulation of the electricity, petroleum, natural gas and water sectors in Tanzania pursuant to Cap 414 and sector legislation.', NULL, NULL, NULL, 0, '0', NULL, '2024-08-06 19:31:52', '2024-08-06 19:31:52'),
(189, NULL, 'CENTRAL MARKET ARUSHA', NULL, '-', 29, 216, 'singida@psssf.go.tz', 679514293, NULL, 1, 0, 0, 0, 1, NULL, 'Quartier Sokoine, Entre Somali Rd., Bondeni st. et Azimio St., Arusha, Tanzania', 'https://tz.geoview.info › soko_kuu', '-', '', 'The large covered market in Arusha is 1km west of the Clock Tower and 300m south of the National Bus Station. There is a paid car park on the Somali Road side, not far away. And of course a maze of stalls that obey a precise geographical distribution between fruit and vegetables, meat, fish, clothes, fabrics or even sandals made of truck tires, 100% Masaai. Beware of the inevitable pickpockets.\r\nThe traditional market square is a city square where traders set up stalls and buyers browse the merchandise. This kind of market is very old, and countless such markets are still in operation around the whole world. In some places markets are held in buildings called market halls', NULL, NULL, NULL, 0, '0', NULL, '2024-08-06 20:08:26', '2024-08-06 20:08:26'),
(190, NULL, 'Awure boutique resort,Dar es Salaam', NULL, '-', 31, 216, 'support@scantrip.com', 753555551, NULL, 1, 0, 0, 0, 1, NULL, 'Mbezi Beach, Africana Road 111, Dar es salaam, Dar es Salaam Region, Tanzania', 'https://planetofhotels.com › tanzania', '-', '20240808081910.jpg', 'Property Location When you stay at Azure Boutique Resort in Dar es Salaam, you\'ll be close to Bongoyo Island. \r\nThis 4-star resort is within the vicinity of Lugalo Golf Course and Mwenge Carvers Market. \r\nRooms Make yourself at home in one of the 37 individually decorated guestrooms, featuring microwaves and flat-screen televisions. \r\nComplimentary wireless Internet access keeps you connected, and satellite programming is available for your entertainment. \r\nBathrooms have showers and complimentary toiletries. Conveniences include safes and desks, and housekeeping is provided daily. \r\nAmenities Be sure to enjoy recreational amenities including an outdoor pool and a 24-hour fitness center. Additional features at this resort include complimentary wireless Internet access, wedding services, and a television in a common area. \r\nDining Enjoy a meal at the restaurant or snacks in the coffee shop/café. The resort also offers room service (during limited hours). Relax with a refreshing drink at one of the 3 bars/lounges. \r\nA complimentary cooked-to-order breakfast is served daily from 7:00 AM to 11:00 AM. Business, Other Amenities Featured amenities include a business center, dry cleaning/laundry services, and a 24-hour front desk. Planning an event in Dar es Salaam? This resort has facilities measuring 3016 square feet (280 square meters), including a conference center. \r\nA roundtrip airport shuttle is provided for a surcharge (available 24 hours), and free self parking is available onsite.', NULL, NULL, NULL, 0, '0', NULL, '2024-08-08 13:19:10', '2024-08-08 13:19:10'),
(191, NULL, 'Ramada resort', NULL, '-', 31, 216, 'info@ramadaresortdar.com', 222162333, NULL, 1, 0, 0, 0, 1, NULL, '170 - 171 Africana Road Jangwani Beach Dar es Salaam TZ, Dar es Salaam', 'https://www.ramadaresortdar.com', '-', '20240808082543.jpg', 'Welcome to Ramada Resort by Wyndham Dar Es Salaam, your premier oceanfront retreat on Jangwani Beach. Indulge in a luxurious escape with our world-class amenities and services designed for both leisure and business travelers. Explore the unparalleled beauty of the Indian Ocean with these exceptional features.\r\nExplore diverse flavors at our restaurants and bars. From fine dining to a cozy coffee spot or a trendy bar, enjoy tasty African and international dishes. Treat yourself to signature cocktails and premium wines for a complete culinary experience.\r\nRelax and unwind by our dazzling outdoor pool — a serene oasis with stunning ocean views. Enjoy the perfect poolside retreat, complete with comfy sun loungers and gently swaying palm trees.', NULL, NULL, NULL, 0, '0', NULL, '2024-08-08 13:25:43', '2024-08-08 13:25:43'),
(192, NULL, 'Jangwani sea breez', NULL, '-', 31, 216, 'gm@jangwaniseabreezeresort.co.tz', 786800870, NULL, 1, 0, 0, 0, 1, NULL, 'White Sands Road, Dar es Salaam', 'https://www.jangwaniseabreezeresort.co.tz', '-', '20240808083855.jpg', 'A LITTLE ABOUT US.\r\n Jangwani Sea Breeze Beach Resort is situated on the mainland of Dar es Salaam, Tanzania, along Mbezi Beach on beautiful crystal white sand; a 25 minutes drive away from the city center, the Resort is situated on either side of Africana road. The hotel is divided into two parts, exclusive residence courtyard with its own private pool and bar for the in house guest only. All rooms are ensuite with LCD TV, Split AC, Electronic safe & walk in showers. Full English breakfast is served from 6am to 11am in courtyard. Tea/coffee facilities are available in each room together with free beach slippers. Complimentary 2 bottles of water are supplied daily per room and with free room service from our beach restaurant. Courtyard bar is open 24 hours for our in house guest and snacks round the clock. The hotel on the other side has public area with entertainment facilities. We have children’s pool, adult’s pool, toddler’s pool with GYM and SPA. The beach has sports facilities including beach volley ball, beach football, children’s swings, slides & much more. Beach beds are complimentary on sand and on terrazzo. There is a beach shop & arcade game room offering all types of goodies, play stations, pool table, table tennis, & various card games are also available at zero charge. There are 2 restaurants & bars serving exotic drinks, international cocktails, shooters, local/ imported beers with many varieties of mouth watering food. And on weekends Special Buffet and Live Barbeque. There is a light music played from Monday to Friday together with rain dance and DJ spinning live every Saturday and Sunday from 5pm to 11pm. 3 star price for 5 star values.', NULL, NULL, NULL, 0, '0', NULL, '2024-08-08 13:38:55', '2024-08-08 13:38:55'),
(193, NULL, 'Hotel slipway', NULL, '-', 31, 216, 'reception@hotelslipway.com', 222600893, NULL, 1, 0, 0, 0, 1, NULL, 'Yacht Club Rd,Masaki, Dar es Salaam', 'https://www.hotelslipway.com', '-', '20240808085252.png', 'Slipway Road, Msasani Peninsula, Dar es Salaam, Tanzania, Masaki, Dar es Salaam, Tanzania. Facing the beachfront, Hotel Slipway offers 4-star accommodation in Dar es Salaam and has an outdoor swimming pool, fitness centre and terrace. The property features a bar, as well as a restaurant serving Mediterranean cuisine. The accommodation features a 24-hour front desk, airport transfers, room service and free WiFi throughout the property.\r\nThe hotel will provide guests with air-conditioned rooms with a desk, a kettle, a fridge, a minibar, a safety deposit box, a flat-screen TV, a balcony and a shared bathroom with a shower. Some rooms have a kitchenette with a microwave. At Hotel Slipway rooms are equipped with bed linen and towels.\r\nGuests at the accommodation can enjoy a buffet or a continental breakfast.\r\nHotel Slipway offers a children\'s playground. The area is popular for hiking and cycling, and car hire is available at the hotel.\r\nPopular points of interest near Hotel Slipway include Msasani Beach, Yacht Club Beach and Coco Beach. The nearest airport is Julius Nyerere International Airport, 17 km from the accommodation.', NULL, NULL, NULL, 0, '0', NULL, '2024-08-08 13:52:52', '2024-08-08 13:52:52'),
(194, NULL, 'White sands hotel', NULL, '-', 31, 216, 'info@hotelwhitesands.com', 758818697, NULL, 1, 0, 0, 0, 1, NULL, 'Africana Road Dar es Salaam TZ, 3030', 'https://hotelwhitesands.com', '-', '20240808085806.png', 'The White Sands Resort and Conference Centre is situated on an idyllic private beach, just 25km north of Dar es Salaam and Julius Nyerere International Airport. Dar es Salaam means ‘abode of peace’ and it is no surprise that guests start to relax and feel at peace as soon as they enter the reception of the White Sands Resort and Conference Centre. The resort is on Mbezi Beach, one of the long white sandy beaches that makes Tanzania a haven for beach lovers. The decor contributes to the feeling of being in paradise.', NULL, NULL, NULL, 0, '0', NULL, '2024-08-08 13:58:06', '2024-08-08 13:58:06'),
(195, NULL, 'Sunrise beach resort', NULL, '-', 31, 216, 'info@sunrisebeachresort.co.tz', 755400900, NULL, 1, 0, 0, 0, 1, NULL, 'Mjimwema, Dar es Salaam, Tanzania', 'https://sunrisebeachresort.com', '-', '', 'Situated along a sandy beach on the Indian Ocean coastline, Sunrise Beach Resort offers a variety of water sports, a spa, and a restaurant and bar. The thatched-roof buildings are set in a garden with palm trees.\r\nEach room includes a private bathroom with free toiletries. Most rooms also come with a balcony, satellite TV, minibar and tea-and-coffee making facilities.\r\nGuests can relax by the beach or at the spa. They can also enjoy water sports, such as scuba diving, wind surfing and water skiing. Trips to nearby islands can also be arranged. Featuring panoramic sea views, the open-air restaurant offers both a la carte and buffet dishes.\r\nSunrise Beach Resort is located 6 km from Mjimwema and 35 km from the Dar Es Salaam city centre. Julius Nyerere International Airport can be reached within a 50-minute drive.\r\nDistance in property description is calculated using © OpenStreetMap', NULL, NULL, NULL, 0, '0', NULL, '2024-08-08 14:09:39', '2024-08-08 14:09:39'),
(196, NULL, 'South beach resort', NULL, '-', 31, 216, 'info@southbeachresort-tz.com', 684111852, NULL, 1, 0, 0, 0, 1, NULL, 'Kigamboni Bridge, Dar es Salaam', 'https://www.instagram.com › southbeachresort_tz', '-', '', 'Located in the Kigamboni area or better known as South Beach, features an exclusive location on the Indian Ocean front. It is located comfortably away from the hustle and bustle of the city, 8 kms from the Kigamboni ferry.Thirty-six (36) well furnished, air conditioned rooms with one double bed and one single bed in each room. Every room also offers a private balcony overlooking the Indian Ocean.South Beach Resort is the perfect location and environment to cater to all your functions from Birthday Parties, corporate day-out parties, corporate team building events and entire company family day out events up to 4000 people! Our premises facilitates and supports the company\'s goals, whether it is to bring departments closer together, or to provide excellent entertainment and catering to the entire staff and their loved ones. our state of the art conference centre equipped with all the essential technology, stationary and comfort is the best in South Beach which can accommodate up to four (4) different conferences at once or open up into one large hall for up to 400 people. The conference hall can also be converted and decorated to host amazing, memorable wedding parties!', NULL, NULL, NULL, 0, '0', NULL, '2024-08-08 14:17:47', '2024-08-08 14:17:47'),
(197, NULL, 'New Hotel Dodoma', NULL, '-', 31, 216, 'info@newdodomahotel.com', 262321641, NULL, 1, 0, 0, 0, 1, NULL, '239 Oposite dodoma railway station TZ, Dodoma 41110', 'https://newdodomahotel.com-tanzania.com › ...', '-', '', 'The News Dodoma Hotel is situated opposite the train station in central Dodoma. It offers an outdoor pool, a lush garden, free Wi-Fi and private parking.\r\nThe rooms are fitted with a satellite TV and en suite bathrooms. Most of the rooms have air conditioning. The Executive rooms and the Suites also have a seating area.\r\nThe hotel has a sports bar and 3 restaurants, serving local and International cuisine.\r\nOther facilities and services at New Dodoma Hotel include a massage and fitness centre, conference facilities and concierge services.\r\nThe hotel is a 6-minute drive from the Parliament Buildings and a 10-minute drive from Dodoma Airport. Transfer services can be arranged for a fee.', NULL, NULL, NULL, 0, '0', NULL, '2024-08-08 14:24:28', '2024-08-08 14:24:28'),
(198, NULL, 'Royal village hotel Dodoma', NULL, '-', 31, 216, 'royalvillage@hotmail.com', 768224142, NULL, 1, 0, 0, 0, 1, NULL, 'Area D, Dodoma-Tanzania.', 'www.royalvillage.co.tz', '-', '', 'Royal Village Hotel Dodoma offers 55 rooms about 10 minutes\' stroll of Nyerere Square. There is an airport shuttle bus service, 24-hour front desk assistance and a laundry room available at this Dodoma hotel.\r\nLocated a short walk to Bunge Tanzania Parliament Buildings, the business property is set near University of Dodoma. The low-budget hotel can be reached within 25 minutes\' walk from Mirembe Mental Hospital.\r\nResidents can have breakfast in the restaurant. Pestana Pub serves a good range of African food and lies nearly 5 minutes\' walk away. The nearest bus stop is Hice za Mipango, 10 minutes\' walk away. Guests will appreciate live performances and karaoke organized at Royal Village Hotel.', NULL, NULL, NULL, 0, '0', NULL, '2024-08-08 14:38:22', '2024-08-08 14:38:22'),
(199, NULL, 'Malaika beach resort', NULL, '-', 31, 216, 'info@malaikabeachresort.com', 677001000, NULL, 1, 0, 0, 0, 1, NULL, 'Tunza Road, Mwanza', 'https://malaikabeachresort.com', '-', '', 'Caressed by the gentle waves of Lake Victoria in a secluded scenic spot (but minutes away from Mwanza’s airport and city center), Malaika is a distinctive high-end beach resort in Tanzania, specializing in beach tourism, business travel and weddings & conferences.\r\nOur hotel is built on an imposing rock foundation, which is also visible from inside the hotel. At our vast premises you’ll find a pool, wedding lawn, and many other facilities catering to families, vacationers and events of all sizes.', NULL, NULL, NULL, 0, '0', NULL, '2024-08-08 14:46:38', '2024-08-08 14:46:38'),
(200, NULL, 'Gold crest hotel', NULL, '-', 31, 216, 'marketing@goldcresthotel.com', 677353500, NULL, 1, 0, 0, 0, 1, NULL, 'PPF Tower, Kenyatta Rd, Mwanza', 'https://www.goldcresthotel.com', '-', '', 'Gold Crest Hotel Mwanza is a contemporary hotel centrally located in the heart of Mwanza city. Situated just 10km from the main airport, our establishment boasts modern rooms equipped with a comprehensive array of amenities. Additionally, our prime location offers guests convenient access to various commercial facilities, including banks and corporate offices. Committed to delivering exceptional high-quality services, we ensure a seamless and satisfying experience for our esteemed clientele.\r\nOur hotel is managed by professionals with long years of experience in the industry and its growth achieved through consistency and quality.', NULL, NULL, NULL, 0, '0', NULL, '2024-08-08 18:42:09', '2024-08-08 18:42:09'),
(201, NULL, 'Mbeya  hotel limited', NULL, '-', 31, 216, 'reservations@mbeyahotel.com', 719410628, NULL, 1, 0, 0, 0, 1, NULL, 'Kaunda Ave, Mbeya', 'https://mbeyahotel.co.tz', '-', '', 'Mbeya Hotel is 13-year old family-run business.\r\n\r\nIn 2005, we acquired Mbeya Hotel and began an exciting journey in the region’s tourism business. Our first clients were organisations whose staff travelled through Mbeya often. We were always remembered as the comfortable hotel that offered close proximity to Mbeya town.\r\n\r\nWe’re conveniently located in the heart of Mbeya\r\n\r\nThe Hotel provides transportation to and from the airport, and around Mbeya town. We also book Safaris. Our goal is to share memorable experiences with our guests.\r\nKaribu sana Mbeya!', NULL, NULL, NULL, 0, '0', NULL, '2024-08-08 18:46:18', '2024-08-08 18:46:18'),
(202, NULL, 'Mbeya forest hill motel', NULL, '-', 31, 216, 'support@booked.net', 678205224, NULL, 1, 0, 0, 0, 1, NULL, 'Tanzania-Zambia Highway National Road, Mbeya', 'https://mbeya-forest-hill-motel.booked.net', '-', '', 'Mbeya Forest Hill Motel lies 4300 feet away from Mbozi Meteorite, offering 40 rooms and featuring a free parking lot and an outdoor swimming pool. There is an airport shuttle bus service, 24-hour front desk and housekeeping service available at the property. \r\nThe venue is located within 10 minutes\' walk from the center of Mbeya. Ngozi Crater Lake is 20 minutes’ walk from this hotel.\r\nEvery room features a closet, a work desk and direct dial phone. A shower, free toiletries and towels can be found in the bathrooms.', NULL, NULL, NULL, 0, '0', NULL, '2024-08-08 18:56:34', '2024-08-08 18:56:34'),
(203, NULL, 'Mbeya golden city hotel', NULL, '-', 31, 216, 'hgoldencity@gmail.com.xn--x77hma', 764054220, NULL, 1, 0, 0, 0, 1, NULL, 'Mbeya', 'Instagram https://www.instagram.com › golden_cityhotel', '-', '', 'The hotel is in a nice location. Has secure parking and the food is excellent especially if you want a taste of local food.\r\nThe rooms are not bad and you will be assured of a good rest. It is hustle free to get a room. The staff are all excellent - the give their service with a smile.\r\nSuch a wonderful place to think peaceful ....rooms are completely sound absorbing to make it so quite, to be honest that is one among many places that deserve being highly rated again and again for its marvelous hospitality.', NULL, NULL, NULL, 0, '0', NULL, '2024-08-08 19:05:04', '2024-08-08 19:05:04'),
(204, NULL, 'Fun retreat resort', NULL, '-', 31, 216, 'info@funretreat.com', 622999555, NULL, 1, 0, 0, 0, 1, NULL, 'Moshono, Arusha 10367', 'http://www.funretreat.com', '-', '', 'Located in Mbeya, within 4.3 km of Elegante Supermarket and 4.4 km of Shoppers Choice (Supermarket), Mbeya Golden City Hotel provides a terrace. The property is around 7 km from Mbeya bus station and 9 km from Mbeya Institute of Science and Technology. Free WiFi is available. The units in the hotel are equipped with a TV. Every room is equipped with a private bathroom with a shower and free toiletries. A continental breakfast is available every morning at the property. Staff at the reception can provide information on what to do in the area.', NULL, NULL, NULL, 0, '0', NULL, '2024-08-08 19:13:54', '2024-08-08 19:13:54'),
(205, NULL, 'Kibo palace hotel', NULL, '-', 31, 216, 'sales@kibopalacehotel.com', 753036444, NULL, 1, 0, 0, 0, 1, NULL, 'P. O. BOX 2523, Kibo Palace Hotel Arusha, Nyerere Road, ArushA, Tanzania', 'https://kibopalacehotel.com', '-', '', 'Named after the highest peak of Africa’s highest mountain – Mt Kilimanjaro, Kibo Palace Hotel is one of Arusha’s most exciting and innovative luxury hotels. Contemporary, conductive, and unconventional, a luxury hotel with a new attitude. The hotel is strategically located 45 minutes drive from Kilimanjaro Airport and a 10-minute walk to the central business district. Banking and hospital facilities are all within 50 meters radius of the hotel. The architectural design gives the hotel an authentic character of its own.\r\nWelcome to Kibo Palace Apartments your home away from home. We recognize and understand that where you choose to make your home is probably one of the most important decisions you will have to make in your life.\r\nWe, therefore, want to make this experience for you to be memorable and worthwhile. We are fully furnished.', NULL, NULL, NULL, 0, '0', NULL, '2024-08-08 19:19:23', '2024-08-08 19:19:23');
INSERT INTO `businesses` (`id`, `job`, `business_name`, `business_title`, `business_registration`, `category_id`, `country_id`, `business_email`, `business_phone`, `user_id`, `status`, `claim`, `verify`, `transfer`, `display`, `account`, `headquarters`, `website`, `slogan`, `logo`, `description`, `letter`, `business_licence`, `company_reg`, `total_review`, `total_rating`, `deleted_at`, `created_at`, `updated_at`) VALUES
(206, NULL, 'Mount meru hotel', NULL, '-', 31, 216, 'info@mountmeruhotel.co.tz', 272970256, NULL, 1, 0, 0, 0, 1, NULL, 'Arusha-Taveta Road Sekei Area Arusha TZ, 2673', 'https://www.mountmeruhotel.co.tz', '-', '', 'Mount Meru Hotel, the Arusha’s famous hotel and Africa\'s largest and most exciting conference destination is a 178 room 5* luxurious hotel. An oasis of tranquility on the Tanzania’s gateway to major tour tourist destination, the Mount Meru Hotel blends stylishly elegant African architecture with supremely luxurious accommodation; sparkling water gardens with a beautifully landscaped gardens and a wide choice of international restaurants. Tanzania is renowned for being the gateway to the Serengeti and annually, thousands flock through its borders in order to (hopefully) glimpse the migrating herds of wildebeest across its famed plains and see one of the few truly natural hunting grounds where predator and prey are free to roam, graze and hunt uninhibited. What visitors to Tanzania are simply astounded by (something National Geographic does not always highlight) are the other fantastic locations and the warmth and inviting nature of the Tanzanian people.\r\n\r\nSituated at the foothills of Mount Meru in the city of Arusha, the Mount Meru Hotel lies on 15 acres of serene, lush and beautifully landscaped gardens incorporating a wide variety of indigenous trees, and offering sanctuary to a startling array of birds and butterflies. As the topographic centre piece of the Arusha National Park, the hotel is also surrounded by some of Africa’s most breathtaking vistas, rich with a diverse array of wildlife, etched against the fertile slopes of this beautiful mountain, the fifth highest peak in Africa.', NULL, NULL, NULL, 0, '0', NULL, '2024-08-08 19:23:33', '2024-08-08 19:23:33'),
(207, NULL, 'Green mountain hotel', NULL, '-', 31, 216, 'info@greenmountainhotel.co.tz', 765111119, NULL, 1, 0, 0, 0, 1, NULL, 'Arusha, Nelson Mandela Rd, Milla Ave', 'https://greenmountainhotel.co.tz', '-', '', 'Located in the heart of Arusha City, Green Mountain Hotel is an iconic nouveau masterpiece sitting at the Geneva of Africa which offers its guests a hospitable & sumptuous accommodation. Enjoy flavorsome international cuisines prepared by our excellent chefs. Our extensive & top-notch facilities, exclusive suites, Simba restaurant, a fascinating & serene pool, an exquisite & magical garden perfect for your safari getaway which will make you carry on enjoyable memories forever.\r\nBreathe fresh air & gaze over the beautiful city of Arusha. Enjoy our luxurious rooms each filled with carefully curated facilities to make your stay delightful. Enjoy our quick & wonderful services from our friendly staff.', NULL, NULL, NULL, 0, '0', NULL, '2024-08-08 19:28:35', '2024-08-08 19:28:35'),
(208, NULL, 'Trust tour and safari Tanzania', NULL, '-', 31, 216, 'ombenikiware@gmail.com', 763473832, NULL, 1, 0, 0, 0, 1, NULL, 'Africa and Arusha-Tanzania', 'https://trusttourstz.com', '-', '', 'Trust Tours and Safaris Company, a top tour operator located in Arusha, Tanzania, has been offering exceptional services since its establishment in 2008. Being recognized for its excellence, the company has been nominated for world travel awards in both 2023 and 2024. With offices in Nungwi, Zanzibar, and Nairobi, Kenya, Trust Tours and Safaris Company is renowned for organizing unforgettable safari experiences. They provide customized packages for both mid-range and luxury adventures, such as wildlife safaris and mountain climbs of Kilimanjaro and Mount Meru. For an unparalleled exploration of East Africa, Trust Tours and Safaris Company is a reliable choice.', NULL, NULL, NULL, 0, '0', NULL, '2024-08-08 19:34:08', '2024-08-08 19:34:08'),
(209, NULL, 'Car rentals tour and safaris Mbeya airport', NULL, '-', 31, 216, 'info@mbeyacity.com', 652411487, NULL, 1, 0, 0, 0, 1, NULL, 'Kabwe street, Mbeya 1402', 'https://tz.linkedin.com › car-rental', '-', '', 'he cost of MBI airport car rental varies based on factors such as the type of car, the rental duration, and the time of year. With Expedia, you can find competitive MBI airport car rentals to match your needs and preferences. Keep in mind that prices can fluctuate, so we recommend booking MBI airport cars in advance to secure the best deals.\r\nRenting a car at Mbeya can greatly enhance your travel experience. Having a car at your disposal gives you the freedom to explore at your own pace, whether you\'re heading to a specific destination or planning to explore the area. Plus, MBI airport cars are convenient and easy to book, with a wide range of options to suit your MBI airport rental needs and budget.', NULL, NULL, NULL, 0, '0', NULL, '2024-08-08 19:50:49', '2024-08-08 19:50:49'),
(210, NULL, 'Tali 24hrs travel company limited', NULL, '-', 31, 216, 'tali24hrstravel@gmail.com', 784677155, NULL, 1, 0, 0, 0, 1, NULL, 'Nyerere Road,Moil Petrol Station, Mwanza Tanzania 11956', 'https://www.facebook.com › 24HRS-Travel-Company', '-', '', 'Since Tali 24hrs Travel has opened its doors for business many years ago, our goal in providing customer service with a high standard has never been changed. We do this by offering our lowest cost price, taking all the fuss in planning your travel and to make sure no loose ends are left tagging behind. In addition, we provide numerous services that go beyond what other travel agencies offer in the market.\r\nOur services include the following:\r\n-Air Travel - Domestic & International\r\n-Package Tours & Safaris\r\n-Hotel Bookings\r\n-Car Hire\r\n-Air Charters\r\n-Sight and Local Attractions\r\n-Travel Insurance -Shuttle Service -Visa .', NULL, NULL, NULL, 0, '0', NULL, '2024-08-08 20:02:41', '2024-08-08 20:02:41'),
(211, NULL, 'Air Tanzania company limited', NULL, '-', 31, 216, 'info@airtanzania.co.tz', 748773900, NULL, 1, 0, 0, 0, 1, NULL, 'P.O.BOX 543 Dar-es-Salaam Tanzania,  ATC House, Second Floor, Ohio Street,  Dar Es Salaam', 'https://www.airtanzania.co.tz', '-', '20240808150956.png', 'Dodoma is Tanzania’s capital city located right at the center of the country, allowing easy accessibility to all other regions of Tanzania. The history of the city shares a lot with construction of the Tanzania central railway in 1907 by Germans, and was announced to be the capital city by the government of Tanzania in 1970. Dodoma city hosts the House of Parliament, Dodoma Cathedral and the Muammar Gaddafi Mosque. The dry earth and sandy soil of the surrounding Dodoma region is perfect for wine growing and is home to a number of vineyards producing red and white varieties of Chenin Blanc, Shiraz, Cabernet and Sauvignon. Hang out at the ‘Mnadani’ Barbeque spot (Nyama Choma) every Saturday and enjoy the hospitality of the dominant “Gogo” culture.', NULL, NULL, NULL, 0, '0', NULL, '2024-08-08 20:09:56', '2024-08-08 20:09:56'),
(212, NULL, 'Asili travel and tour company ltd', NULL, '-', 31, 216, 'info@asiliadventuresafaris.com', 222600334, NULL, 1, 0, 0, 0, 1, NULL, 'Dar es Salaam', 'https://www.asiliadventuresafaris.com', '-', '', 'Welcome to ASILI ADVENTURE & SAFARIS LIMITED – a company founded on Excellence, Integrity and Passion: Passion for what we do, Passion for people, Passion for Wildlife, Passion for Africa and the World. Asili Adventure safaris Ltd is one of the most sought for operators in East Africa offering personalized quality service and affordable tailor-made holidays that suit your individual requirements and budget without compromising on quality.\r\n\r\nWe committed to ensuring that every client has an outstanding and memorable trip by engaging the best guides, ensuring the best travel modes, and booking the best hotels and lodges. For the African holiday traveller, Asili Adventure Safaris Ltd offers a full range of options including luxury safaris, custom safari, Kenya wildlife tour, budget accommodated tours, Indian Ocean beach vacation holidays, walking safaris, Mountain climbing in Kenya and Tanzania, family holiday safaris Tours, balloon safaris.', NULL, NULL, NULL, 0, '0', NULL, '2024-08-08 20:20:11', '2024-08-08 20:20:11'),
(213, NULL, 'Maya beauty saloon', NULL, '123456', 2, 216, 'maua@gmail.com', 765283947, NULL, 1, 0, 0, 0, 1, NULL, 'Dar es salaam', 'www.mauauzuri.co.tz', 'Uzuri ndio huu', '20240816161431.png', 'Uzuri ndio huu.Tunafunga mita maya, Ipe tano system test product.Tunafunga mita maya, Ipe tano system test product.ri ndio huu.Tunafunga mita maya, Ipe tano system test product.Tunafunga mita maya, Ipe tano system test product.ri ndio huu.Tunafunga mita maya, Ipe tano system test product.Tunafunga mita maya, Ipe tano system test product.ri ndio huu.Tunafunga mita maya, Ipe tano system test product.Tunafunga mita maya, Ipe tano system test product.ri ndio huu.Tunafunga mita maya, Ipe tano system test product.Tunafunga mita maya, Ipe tano system test product.ri ndio huu.Tunafunga mita maya, Ipe tano system test product.Tunafunga mita maya, Ipe tano system test product.ri ndio huu.Tunafunga mita maya, Ipe tano system test product.Tunafunga mita maya, Ipe tano system test product.ri ndio huu.Tunafunga mita maya, Ipe tano system test product.Tunafunga mita maya, Ipe tano system test product.ri ndio huu.Tunafunga mita maya, Ipe tano system test product.Tunafunga mita maya, Ipe tano system test product.', NULL, NULL, NULL, 0, '0', NULL, '2024-08-16 21:14:31', '2024-08-16 21:14:31'),
(214, 'Manager', 'Moro Buses', NULL, '12345', 31, 216, 'morobus@gmail.com', 1234567, 10, 1, 0, 0, 0, 0, NULL, 'Morogoro', NULL, 'Safiri kwa raha', NULL, 'test product by ipe nano ri ndio huu.Tunafunga mita maya, Ipe tano system test product.Tunafunga mita maya, Ipe tano system test product.test product by ipe nano ri ndio huu.Tunafunga mita maya, Ipe tano system test product.Tunafunga mita maya, Ipe tano system test product.test product by ipe nano ri ndio huu.Tunafunga mita maya, Ipe tano system test product.Tunafunga mita maya, Ipe tano system test product.test product by ipe nano ri ndio huu.Tunafunga mita maya, Ipe tano system test product.Tunafunga mita maya, Ipe tano system test product.', '20240816164225.png', 'hhjhjj', 'ghhghgghhg', 0, '0', NULL, '2024-08-16 21:40:00', '2024-08-16 21:42:25'),
(215, 'Manager', 'Test', NULL, NULL, 29, 216, 'test@ipetano.co.tz', NULL, 10, 1, 0, 0, 0, 0, NULL, NULL, NULL, NULL, NULL, 'ljdvdskmvkvsmdv vdsnvjdsnvkjsdnvsdkvnd idsvndncvkdsncvsdknvsd idjnvindidvnsdijvds dsnikvnoivsdoijsdovs dvsvivndsviosdnvoijvds vdsvknkndvikvnovisdjidsv csdknvicvndsoivcoisd dicndscincisdjcdsijcs dsijsdicnsciosjciosdc sdcijicsoicjoicsdcoid scsijcascnscisncdisc scicasicnsacoisnciosc csdkncsdicsicksnisndc sciknsdkcsdnckdsnckds scjkcndsjkcnsdcjksdcknds sdjcknsdjkcnsdkjcndskcds sdcjnsdcjksncksjdcnksj scjksncjksnckncsd scknsckscksncs scksncjksncksjcs sckcsckscki scjsdncijcns scsknsckncs sckncskc scdksckn', '', '', '', 0, '0', NULL, '2024-08-17 06:31:49', '2024-08-17 06:33:11');

-- --------------------------------------------------------

--
-- Table structure for table `business_reviews`
--

CREATE TABLE `business_reviews` (
  `id` bigint(20) UNSIGNED NOT NULL,
  `user_id` int(10) UNSIGNED NOT NULL,
  `review_title` text NOT NULL,
  `business_id` int(10) UNSIGNED NOT NULL,
  `company_logo` varchar(255) DEFAULT NULL,
  `review` text NOT NULL,
  `rating` int(11) NOT NULL DEFAULT 0,
  `status` int(11) DEFAULT NULL,
  `review_reason` text DEFAULT NULL,
  `deleted_at` timestamp NULL DEFAULT NULL,
  `created_at` timestamp NULL DEFAULT NULL,
  `updated_at` timestamp NULL DEFAULT NULL
) ENGINE=InnoDB DEFAULT CHARSET=utf8mb4 COLLATE=utf8mb4_unicode_ci;

--
-- Dumping data for table `business_reviews`
--

INSERT INTO `business_reviews` (`id`, `user_id`, `review_title`, `business_id`, `company_logo`, `review`, `rating`, `status`, `review_reason`, `deleted_at`, `created_at`, `updated_at`) VALUES
(1, 2, 'Mtandao uko slow', 1, '20230605174850.png', 'Wana huduma nzuri, hata hivyo mtandao uko slow.', 3, 1, NULL, NULL, '2024-02-22 14:30:10', '2024-02-22 14:30:10'),
(2, 2, 'Huduma nzuri sana!!!!!', 1, '20240222082005.png', 'Nawapongeza mnooo', 5, 3, NULL, NULL, '2024-02-22 14:30:47', '2024-06-11 23:49:39'),
(3, 2, 'Mikopo yao riba nafuu', 1, NULL, 'Hawa kwakweli wako vizuri', 4, 1, NULL, NULL, '2024-02-22 14:32:12', '2024-02-22 14:32:12'),
(4, 2, 'Kuku kajaa mafuta', 2, '20231120172602.jpg', 'Hawa aisee...chakula kina mafuta kweli, japo wana spid vizuri', 3, 1, NULL, NULL, '2024-02-22 14:33:31', '2024-02-22 14:33:31'),
(5, 2, 'Kfc MMezingua', 4, '20240222082337.png', 'Kuku wa hovyo', 2, 3, NULL, NULL, '2024-02-24 04:37:48', '2024-04-17 03:46:19'),
(6, 2, 'Poa sana', 4, '20230605174850.png', 'Poa sana', 2, 1, NULL, NULL, '2024-02-24 04:42:55', '2024-04-17 07:46:48'),
(7, 2, 'Quality service', 7, '20240525102935.jpg', 'top notch msajhkdifdgb shgjdkflg; ahsgdhfjg agshdjfkgl sgfh agshjdkflop afsdgyuifoop asghdfjkilo', 4, 1, NULL, NULL, '2024-06-11 23:21:21', '2024-06-11 23:21:21'),
(8, 2, 'Bora kabisa', 7, '20240525102935.jpg', 'dfdghjfk sfdgfhjgk fgdfhgo dsfguiop ndsfghji dftyguhi ertyuio ertyui sdfghj xzcvbhj wertyuio sadfghj xcvbnm sdfghjk wertyu sdfghj ertyui dfghjk cvbnm dfghjk ertyuiocvbnm sdfghj. dfghjkvbnm sdfghj ewrtyuio dfghjvbnfghj fdghj vbhjk asdfghjkl ertyui fdghjk retyui sdfghjkl cvbnm, asdfghjk wertyu sdfghjk xcvbnm sdfghjk', 3, 1, NULL, NULL, '2024-06-11 23:25:07', '2024-06-11 23:25:07'),
(9, 2, 'mikopo riba kubwa', 7, '20240525102935.jpg', 'sfdfghdjfkgl;h dsfghdjfkglh cxacsvgdhjfkghllj eqrtwyueirotpyu cvbnm,', 2, 1, NULL, NULL, '2024-06-11 23:26:32', '2024-06-11 23:26:32'),
(10, 2, 'Kuku kakolea nazi', 7, '20240525102935.jpg', 'dsfghj vcvbnm srui cxvbmn sadfghj wertyui sadfghj cxvbnmmn wqertyu sdfghj cvbn asdfgh wertyu asdfgh cvbnm sdfghjk ewerty dfghj vcbnm werty uiop hgjk cvbnm dsfgh tyuiohjkl cvbnm wertysadfgbvnnm', 3, 1, NULL, NULL, '2024-06-11 23:28:53', '2024-06-11 23:28:53'),
(11, 2, 'Kuku kuku', 7, '20240525102935.jpg', 'fgdhjfk abvsdfjk gsdhfg wtreyuriop ghsjkdlf;; bsvndmf, gfhdjkflg wrtteyruito sghdjfklgav bsdnmfv fsghdjfkl wrteyuriogp sgdhfjkl vcsbdnfmb fsfgdhfjklg fsghdhfjkglvacsvbdnfm fadsgdhjfkglrewteyuirof sgfdhjfkl afgshdfjgk vasbdnmcvb fdsdgfhgjkl sfsdgh', 5, 3, NULL, NULL, '2024-06-11 23:34:47', '2024-06-11 23:49:59'),
(12, 2, 'Bora kabisa', 7, '20240525102935.jpg', 'fdghjkd vbsd fsdf rtwyeuriop gshdjfkgl. sdfnmv', 4, 1, NULL, NULL, '2024-06-11 23:35:38', '2024-06-11 23:35:38'),
(13, 3, 'Huduma nzuri', 179, '', 'Wana huduma bora, bei ya mafuta imepanda kote wakati huu.', 3, 1, NULL, NULL, '2024-08-07 18:24:16', '2024-08-07 18:24:16');

-- --------------------------------------------------------

--
-- Table structure for table `categories`
--

CREATE TABLE `categories` (
  `id` bigint(20) UNSIGNED NOT NULL,
  `category_name` varchar(255) NOT NULL,
  `category_icon` varchar(255) NOT NULL,
  `deleted_at` timestamp NULL DEFAULT NULL,
  `created_at` timestamp NULL DEFAULT NULL,
  `updated_at` timestamp NULL DEFAULT NULL
) ENGINE=InnoDB DEFAULT CHARSET=utf8mb4 COLLATE=utf8mb4_unicode_ci;

--
-- Dumping data for table `categories`
--

INSERT INTO `categories` (`id`, `category_name`, `category_icon`, `deleted_at`, `created_at`, `updated_at`) VALUES
(1, 'Telecommunication', '20240808073625.jpg', NULL, '2024-02-22 14:13:21', '2024-08-08 12:36:25'),
(2, 'Beauty', '20240808075123.png', NULL, '2024-02-22 14:14:07', '2024-08-08 12:51:23'),
(3, 'Banking', '20240808073047.png', NULL, '2024-02-22 14:14:33', '2024-08-08 12:30:47'),
(4, 'Hotel', '20240808073534.png', NULL, '2024-02-22 14:15:17', '2024-08-08 12:35:34'),
(5, 'Ujenzi (Construction)', '20240808074706.png', NULL, '2024-02-22 14:15:49', '2024-08-08 12:47:06'),
(6, 'Manunuzi (Shopping)', '20240808074521.jpg', NULL, '2024-02-22 14:16:10', '2024-08-08 12:45:21'),
(7, 'Barber shops', '20240808075201.png', NULL, '2024-05-20 16:12:24', '2024-08-08 12:52:01'),
(8, 'Barber shops', '', '2024-07-30 00:25:30', '2024-05-20 16:12:28', '2024-05-20 16:12:28'),
(9, 'Barber shops', '', '2024-07-30 00:25:25', '2024-05-20 16:12:28', '2024-05-20 16:12:28'),
(10, 'Barber shops', '', '2024-07-30 00:25:21', '2024-05-20 16:12:29', '2024-05-20 16:12:29'),
(11, 'Barber shops', '', '2024-07-30 00:25:17', '2024-05-20 16:12:29', '2024-05-20 16:12:29'),
(12, 'Barber shops', '', '2024-07-30 00:25:12', '2024-05-20 16:12:29', '2024-05-20 16:12:29'),
(13, 'Barber shops', '', '2024-07-30 00:25:06', '2024-05-20 16:12:31', '2024-05-20 16:12:31'),
(14, 'Barber shops', '', '2024-07-30 00:25:02', '2024-05-20 16:12:31', '2024-05-20 16:12:31'),
(15, 'Barber shops', '', '2024-07-30 00:24:57', '2024-05-20 16:12:31', '2024-05-20 16:12:31'),
(16, 'Barber shops', '', '2024-07-30 00:24:52', '2024-05-20 16:12:31', '2024-05-20 16:12:31'),
(17, 'Barber shops', '', '2024-07-30 00:24:48', '2024-05-20 16:12:31', '2024-05-20 16:12:31'),
(18, 'Barber shops', '', '2024-07-30 00:24:44', '2024-05-20 16:12:31', '2024-05-20 16:12:31'),
(19, 'Barber shops', '', '2024-07-30 00:24:40', '2024-05-20 16:12:31', '2024-05-20 16:12:31'),
(20, 'Barber shops', '', '2024-07-30 00:24:35', '2024-05-20 16:12:32', '2024-05-20 16:12:32'),
(21, 'Barber shops', '', '2024-07-30 00:23:50', '2024-05-20 16:12:32', '2024-05-20 16:12:32'),
(22, 'Barber shops', '', '2024-07-30 00:23:29', '2024-05-20 16:12:32', '2024-05-20 16:12:32'),
(23, 'Barber shops', '', '2024-07-30 00:23:23', '2024-05-20 16:12:32', '2024-05-20 16:12:32'),
(24, 'Agriculture & Produce', '20240525105147.png', '2024-07-30 00:23:05', '2024-05-20 16:12:32', '2024-05-25 15:51:47'),
(25, 'Construction', '20240611183844.png', '2024-07-30 00:22:52', '2024-06-11 23:38:44', '2024-06-11 23:38:44'),
(26, 'Media and Publishing', '20240808074749.png', NULL, '2024-07-19 12:11:12', '2024-08-08 12:47:49'),
(27, 'Education and Training', '20240808073238.jpg', NULL, '2024-07-24 12:37:22', '2024-08-08 12:32:38'),
(28, 'Utilities', '20240808073322.png', NULL, '2024-07-28 15:16:27', '2024-08-08 12:33:22'),
(29, 'Shopping and Fashion', '20240808074551.jpg', NULL, '2024-08-06 19:40:07', '2024-08-08 12:45:51'),
(30, 'Restaurants', '20240808073355.png', NULL, '2024-08-06 20:10:02', '2024-08-08 12:33:55'),
(31, 'Travel and Accommodation', '20240808080004.png', NULL, '2024-08-08 13:00:04', '2024-08-08 13:00:04');

-- --------------------------------------------------------

--
-- Table structure for table `countries`
--

CREATE TABLE `countries` (
  `id` bigint(20) UNSIGNED NOT NULL,
  `sortname` varchar(255) NOT NULL,
  `country_name` varchar(255) NOT NULL,
  `deleted_at` timestamp NULL DEFAULT NULL,
  `created_at` timestamp NULL DEFAULT NULL,
  `updated_at` timestamp NULL DEFAULT NULL
) ENGINE=InnoDB DEFAULT CHARSET=utf8mb4 COLLATE=utf8mb4_unicode_ci;

--
-- Dumping data for table `countries`
--

INSERT INTO `countries` (`id`, `sortname`, `country_name`, `deleted_at`, `created_at`, `updated_at`) VALUES
(1, 'AF', 'Afghanistan', NULL, NULL, NULL),
(2, 'AL', 'Albania', NULL, NULL, NULL),
(3, 'DZ', 'Algeria', NULL, NULL, NULL),
(4, 'AS', 'American Samoa', NULL, NULL, NULL),
(5, 'AD', 'Andorra', NULL, NULL, NULL),
(6, 'AO', 'Angola', NULL, NULL, NULL),
(7, 'AI', 'Anguilla', NULL, NULL, NULL),
(8, 'AQ', 'Antarctica', NULL, NULL, NULL),
(9, 'AG', 'Antigua And Barbuda', NULL, NULL, NULL),
(10, 'AR', 'Argentina', NULL, NULL, NULL),
(11, 'AM', 'Armenia', NULL, NULL, NULL),
(12, 'AW', 'Aruba', NULL, NULL, NULL),
(13, 'AU', 'Australia', NULL, NULL, NULL),
(14, 'AT', 'Austria', NULL, NULL, NULL),
(15, 'AZ', 'Azerbaijan', NULL, NULL, NULL),
(16, 'BS', 'Bahamas The', NULL, NULL, NULL),
(17, 'BH', 'Bahrain', NULL, NULL, NULL),
(18, 'BD', 'Bangladesh', NULL, NULL, NULL),
(19, 'BB', 'Barbados', NULL, NULL, NULL),
(20, 'BY', 'Belarus', NULL, NULL, NULL),
(21, 'BE', 'Belgium', NULL, NULL, NULL),
(22, 'BZ', 'Belize', NULL, NULL, NULL),
(23, 'BJ', 'Benin', NULL, NULL, NULL),
(24, 'BM', 'Bermuda', NULL, NULL, NULL),
(25, 'BT', 'Bhutan', NULL, NULL, NULL),
(26, 'BO', 'Bolivia', NULL, NULL, NULL),
(27, 'BA', 'Bosnia and Herzegovina', NULL, NULL, NULL),
(28, 'BW', 'Botswana', NULL, NULL, NULL),
(29, 'BV', 'Bouvet Island', NULL, NULL, NULL),
(30, 'BR', 'Brazil', NULL, NULL, NULL),
(31, 'IO', 'British Indian Ocean Territory', NULL, NULL, NULL),
(32, 'BN', 'Brunei', NULL, NULL, NULL),
(33, 'BG', 'Bulgaria', NULL, NULL, NULL),
(34, 'BF', 'Burkina Faso', NULL, NULL, NULL),
(35, 'BI', 'Burundi', NULL, NULL, NULL),
(36, 'KH', 'Cambodia', NULL, NULL, NULL),
(37, 'CM', 'Cameroon', NULL, NULL, NULL),
(38, 'CA', 'Canada', NULL, NULL, NULL),
(39, 'CV', 'Cape Verde', NULL, NULL, NULL),
(40, 'KY', 'Cayman Islands', NULL, NULL, NULL),
(41, 'CF', 'Central African Republic', NULL, NULL, NULL),
(42, 'TD', 'Chad', NULL, NULL, NULL),
(43, 'CL', 'Chile', NULL, NULL, NULL),
(44, 'CN', 'China', NULL, NULL, NULL),
(45, 'CX', 'Christmas Island', NULL, NULL, NULL),
(46, 'CC', 'Cocos (Keeling) Islands', NULL, NULL, NULL),
(47, 'CO', 'Colombia', NULL, NULL, NULL),
(48, 'KM', 'Comoros', NULL, NULL, NULL),
(49, 'CG', 'Congo', NULL, NULL, NULL),
(50, 'CD', 'Congo The Democratic Republic Of The', NULL, NULL, NULL),
(51, 'CK', 'Cook Islands', NULL, NULL, NULL),
(52, 'CR', 'Costa Rica', NULL, NULL, NULL),
(53, 'CI', 'Cote D\'Ivoire (Ivory Coast)', NULL, NULL, NULL),
(54, 'HR', 'Croatia (Hrvatska)', NULL, NULL, NULL),
(55, 'CU', 'Cuba', NULL, NULL, NULL),
(56, 'CY', 'Cyprus', NULL, NULL, NULL),
(57, 'CZ', 'Czech Republic', NULL, NULL, NULL),
(58, 'DK', 'Denmark', NULL, NULL, NULL),
(59, 'DJ', 'Djibouti', NULL, NULL, NULL),
(60, 'DM', 'Dominica', NULL, NULL, NULL),
(61, 'DO', 'Dominican Republic', NULL, NULL, NULL),
(62, 'TP', 'East Timor', NULL, NULL, NULL),
(63, 'EC', 'Ecuador', NULL, NULL, NULL),
(64, 'EG', 'Egypt', NULL, NULL, NULL),
(65, 'SV', 'El Salvador', NULL, NULL, NULL),
(66, 'GQ', 'Equatorial Guinea', NULL, NULL, NULL),
(67, 'ER', 'Eritrea', NULL, NULL, NULL),
(68, 'EE', 'Estonia', NULL, NULL, NULL),
(69, 'ET', 'Ethiopia', NULL, NULL, NULL),
(70, 'XA', 'External Territories of Australia', NULL, NULL, NULL),
(71, 'FK', 'Falkland Islands', NULL, NULL, NULL),
(72, 'FO', 'Faroe Islands', NULL, NULL, NULL),
(73, 'FJ', 'Fiji Islands', NULL, NULL, NULL),
(74, 'FI', 'Finland', NULL, NULL, NULL),
(75, 'FR', 'France', NULL, NULL, NULL),
(76, 'GF', 'French Guiana', NULL, NULL, NULL),
(77, 'PF', 'French Polynesia', NULL, NULL, NULL),
(78, 'TF', 'French Southern Territories', NULL, NULL, NULL),
(79, 'GA', 'Gabon', NULL, NULL, NULL),
(80, 'GM', 'Gambia The', NULL, NULL, NULL),
(81, 'GE', 'Georgia', NULL, NULL, NULL),
(82, 'DE', 'Germany', NULL, NULL, NULL),
(83, 'GH', 'Ghana', NULL, NULL, NULL),
(84, 'GI', 'Gibraltar', NULL, NULL, NULL),
(85, 'GR', 'Greece', NULL, NULL, NULL),
(86, 'GL', 'Greenland', NULL, NULL, NULL),
(87, 'GD', 'Grenada', NULL, NULL, NULL),
(88, 'GP', 'Guadeloupe', NULL, NULL, NULL),
(89, 'GU', 'Guam', NULL, NULL, NULL),
(90, 'GT', 'Guatemala', NULL, NULL, NULL),
(91, 'XU', 'Guernsey and Alderney', NULL, NULL, NULL),
(92, 'GN', 'Guinea', NULL, NULL, NULL),
(93, 'GW', 'Guinea-Bissau', NULL, NULL, NULL),
(94, 'GY', 'Guyana', NULL, NULL, NULL),
(95, 'HT', 'Haiti', NULL, NULL, NULL),
(96, 'HM', 'Heard and McDonald Islands', NULL, NULL, NULL),
(97, 'HN', 'Honduras', NULL, NULL, NULL),
(98, 'HK', 'Hong Kong S.A.R.', NULL, NULL, NULL),
(99, 'HU', 'Hungary', NULL, NULL, NULL),
(100, 'IS', 'Iceland', NULL, NULL, NULL),
(101, 'IN', 'India', NULL, NULL, NULL),
(102, 'ID', 'Indonesia', NULL, NULL, NULL),
(103, 'IR', 'Iran', NULL, NULL, NULL),
(104, 'IQ', 'Iraq', NULL, NULL, NULL),
(105, 'IE', 'Ireland', NULL, NULL, NULL),
(106, 'IL', 'Israel', NULL, NULL, NULL),
(107, 'IT', 'Italy', NULL, NULL, NULL),
(108, 'JM', 'Jamaica', NULL, NULL, NULL),
(109, 'JP', 'Japan', NULL, NULL, NULL),
(110, 'XJ', 'Jersey', NULL, NULL, NULL),
(111, 'JO', 'Jordan', NULL, NULL, NULL),
(112, 'KZ', 'Kazakhstan', NULL, NULL, NULL),
(113, 'KE', 'Kenya', NULL, NULL, NULL),
(114, 'KI', 'Kiribati', NULL, NULL, NULL),
(115, 'KP', 'Korea North', NULL, NULL, NULL),
(116, 'KR', 'Korea South', NULL, NULL, NULL),
(117, 'KW', 'Kuwait', NULL, NULL, NULL),
(118, 'KG', 'Kyrgyzstan', NULL, NULL, NULL),
(119, 'LA', 'Laos', NULL, NULL, NULL),
(120, 'LV', 'Latvia', NULL, NULL, NULL),
(121, 'LB', 'Lebanon', NULL, NULL, NULL),
(122, 'LS', 'Lesotho', NULL, NULL, NULL),
(123, 'LR', 'Liberia', NULL, NULL, NULL),
(124, 'LY', 'Libya', NULL, NULL, NULL),
(125, 'LI', 'Liechtenstein', NULL, NULL, NULL),
(126, 'LT', 'Lithuania', NULL, NULL, NULL),
(127, 'LU', 'Luxembourg', NULL, NULL, NULL),
(128, 'MO', 'Macau S.A.R.', NULL, NULL, NULL),
(129, 'MK', 'Macedonia', NULL, NULL, NULL),
(130, 'MG', 'Madagascar', NULL, NULL, NULL),
(131, 'MW', 'Malawi', NULL, NULL, NULL),
(132, 'MY', 'Malaysia', NULL, NULL, NULL),
(133, 'MV', 'Maldives', NULL, NULL, NULL),
(134, 'ML', 'Mali', NULL, NULL, NULL),
(135, 'MT', 'Malta', NULL, NULL, NULL),
(136, 'XM', 'Man (Isle of)', NULL, NULL, NULL),
(137, 'MH', 'Marshall Islands', NULL, NULL, NULL),
(138, 'MQ', 'Martinique', NULL, NULL, NULL),
(139, 'MR', 'Mauritania', NULL, NULL, NULL),
(140, 'MU', 'Mauritius', NULL, NULL, NULL),
(141, 'YT', 'Mayotte', NULL, NULL, NULL),
(142, 'MX', 'Mexico', NULL, NULL, NULL),
(143, 'FM', 'Micronesia', NULL, NULL, NULL),
(144, 'MD', 'Moldova', NULL, NULL, NULL),
(145, 'MC', 'Monaco', NULL, NULL, NULL),
(146, 'MN', 'Mongolia', NULL, NULL, NULL),
(147, 'MS', 'Montserrat', NULL, NULL, NULL),
(148, 'MA', 'Morocco', NULL, NULL, NULL),
(149, 'MZ', 'Mozambique', NULL, NULL, NULL),
(150, 'MM', 'Myanmar', NULL, NULL, NULL),
(151, 'NA', 'Namibia', NULL, NULL, NULL),
(152, 'NR', 'Nauru', NULL, NULL, NULL),
(153, 'NP', 'Nepal', NULL, NULL, NULL),
(154, 'AN', 'Netherlands Antilles', NULL, NULL, NULL),
(155, 'NL', 'Netherlands The', NULL, NULL, NULL),
(156, 'NC', 'New Caledonia', NULL, NULL, NULL),
(157, 'NZ', 'New Zealand', NULL, NULL, NULL),
(158, 'NI', 'Nicaragua', NULL, NULL, NULL),
(159, 'NE', 'Niger', NULL, NULL, NULL),
(160, 'NG', 'Nigeria', NULL, NULL, NULL),
(161, 'NU', 'Niue', NULL, NULL, NULL),
(162, 'NF', 'Norfolk Island', NULL, NULL, NULL),
(163, 'MP', 'Northern Mariana Islands', NULL, NULL, NULL),
(164, 'NO', 'Norway', NULL, NULL, NULL),
(165, 'OM', 'Oman', NULL, NULL, NULL),
(166, 'PK', 'Pakistan', NULL, NULL, NULL),
(167, 'PW', 'Palau', NULL, NULL, NULL),
(168, 'PS', 'Palestinian Territory Occupied', NULL, NULL, NULL),
(169, 'PA', 'Panama', NULL, NULL, NULL),
(170, 'PG', 'Papua new Guinea', NULL, NULL, NULL),
(171, 'PY', 'Paraguay', NULL, NULL, NULL),
(172, 'PE', 'Peru', NULL, NULL, NULL),
(173, 'PH', 'Philippines', NULL, NULL, NULL),
(174, 'PN', 'Pitcairn Island', NULL, NULL, NULL),
(175, 'PL', 'Poland', NULL, NULL, NULL),
(176, 'PT', 'Portugal', NULL, NULL, NULL),
(177, 'PR', 'Puerto Rico', NULL, NULL, NULL),
(178, 'QA', 'Qatar', NULL, NULL, NULL),
(179, 'RE', 'Reunion', NULL, NULL, NULL),
(180, 'RO', 'Romania', NULL, NULL, NULL),
(181, 'RU', 'Russia', NULL, NULL, NULL),
(182, 'RW', 'Rwanda', NULL, NULL, NULL),
(183, 'SH', 'Saint Helena', NULL, NULL, NULL),
(184, 'KN', 'Saint Kitts And Nevis', NULL, NULL, NULL),
(185, 'LC', 'Saint Lucia', NULL, NULL, NULL),
(186, 'PM', 'Saint Pierre and Miquelon', NULL, NULL, NULL),
(187, 'VC', 'Saint Vincent And The Grenadines', NULL, NULL, NULL),
(188, 'WS', 'Samoa', NULL, NULL, NULL),
(189, 'SM', 'San Marino', NULL, NULL, NULL),
(190, 'ST', 'Sao Tome and Principe', NULL, NULL, NULL),
(191, 'SA', 'Saudi Arabia', NULL, NULL, NULL),
(192, 'SN', 'Senegal', NULL, NULL, NULL),
(193, 'RS', 'Serbia', NULL, NULL, NULL),
(194, 'SC', 'Seychelles', NULL, NULL, NULL),
(195, 'SL', 'Sierra Leone', NULL, NULL, NULL),
(196, 'SG', 'Singapore', NULL, NULL, NULL),
(197, 'SK', 'Slovakia', NULL, NULL, NULL),
(198, 'SI', 'Slovenia', NULL, NULL, NULL),
(199, 'XG', 'Smaller Territories of the UK', NULL, NULL, NULL),
(200, 'SB', 'Solomon Islands', NULL, NULL, NULL),
(201, 'SO', 'Somalia', NULL, NULL, NULL),
(202, 'ZA', 'South Africa', NULL, NULL, NULL),
(203, 'GS', 'South Georgia', NULL, NULL, NULL),
(204, 'SS', 'South Sudan', NULL, NULL, NULL),
(205, 'ES', 'Spain', NULL, NULL, NULL),
(206, 'LK', 'Sri Lanka', NULL, NULL, NULL),
(207, 'SD', 'Sudan', NULL, NULL, NULL),
(208, 'SR', 'Suriname', NULL, NULL, NULL),
(209, 'SJ', 'Svalbard And Jan Mayen Islands', NULL, NULL, NULL),
(210, 'SZ', 'Swaziland', NULL, NULL, NULL),
(211, 'SE', 'Sweden', NULL, NULL, NULL),
(212, 'CH', 'Switzerland', NULL, NULL, NULL),
(213, 'SY', 'Syria', NULL, NULL, NULL),
(214, 'TW', 'Taiwan', NULL, NULL, NULL),
(215, 'TJ', 'Tajikistan', NULL, NULL, NULL),
(216, 'TZ', 'Tanzania', NULL, NULL, NULL),
(217, 'TH', 'Thailand', NULL, NULL, NULL),
(218, 'TG', 'Togo', NULL, NULL, NULL),
(219, 'TK', 'Tokelau', NULL, NULL, NULL),
(220, 'TO', 'Tonga', NULL, NULL, NULL),
(221, 'TT', 'Trinidad And Tobago', NULL, NULL, NULL),
(222, 'TN', 'Tunisia', NULL, NULL, NULL),
(223, 'TR', 'Turkey', NULL, NULL, NULL),
(224, 'TM', 'Turkmenistan', NULL, NULL, NULL),
(225, 'TC', 'Turks And Caicos Islands', NULL, NULL, NULL),
(226, 'TV', 'Tuvalu', NULL, NULL, NULL),
(227, 'UG', 'Uganda', NULL, NULL, NULL),
(228, 'UA', 'Ukraine', NULL, NULL, NULL),
(229, 'AE', 'United Arab Emirates', NULL, NULL, NULL),
(230, 'GB', 'United Kingdom', NULL, NULL, NULL),
(231, 'US', 'United States', NULL, NULL, NULL),
(232, 'UM', 'United States Minor Outlying Islands', NULL, NULL, NULL),
(233, 'UY', 'Uruguay', NULL, NULL, NULL),
(234, 'UZ', 'Uzbekistan', NULL, NULL, NULL),
(235, 'VU', 'Vanuatu', NULL, NULL, NULL),
(236, 'VA', 'Vatican City State (Holy See)', NULL, NULL, NULL),
(237, 'VE', 'Venezuela', NULL, NULL, NULL),
(238, 'VN', 'Vietnam', NULL, NULL, NULL),
(239, 'VG', 'Virgin Islands (British)', NULL, NULL, NULL),
(240, 'VI', 'Virgin Islands (US)', NULL, NULL, NULL),
(241, 'WF', 'Wallis And Futuna Islands', NULL, NULL, NULL),
(242, 'EH', 'Western Sahara', NULL, NULL, NULL),
(243, 'YE', 'Yemen', NULL, NULL, NULL),
(244, 'YU', 'Yugoslavia', NULL, NULL, NULL),
(245, 'ZM', 'Zambia', NULL, NULL, NULL),
(246, 'ZW', 'Zimbabwe', NULL, NULL, NULL);

-- --------------------------------------------------------

--
-- Table structure for table `failed_jobs`
--

CREATE TABLE `failed_jobs` (
  `id` bigint(20) UNSIGNED NOT NULL,
  `uuid` varchar(255) NOT NULL,
  `connection` text NOT NULL,
  `queue` text NOT NULL,
  `payload` longtext NOT NULL,
  `exception` longtext NOT NULL,
  `failed_at` timestamp NOT NULL DEFAULT current_timestamp()
) ENGINE=InnoDB DEFAULT CHARSET=utf8mb4 COLLATE=utf8mb4_unicode_ci;

-- --------------------------------------------------------

--
-- Table structure for table `migrations`
--

CREATE TABLE `migrations` (
  `id` int(10) UNSIGNED NOT NULL,
  `migration` varchar(255) NOT NULL,
  `batch` int(11) NOT NULL
) ENGINE=InnoDB DEFAULT CHARSET=utf8mb4 COLLATE=utf8mb4_unicode_ci;

--
-- Dumping data for table `migrations`
--

INSERT INTO `migrations` (`id`, `migration`, `batch`) VALUES
(1, '2014_07_02_230147_migration_cartalyst_sentinel', 1),
(2, '2014_10_12_100000_create_password_reset_tokens_table', 1),
(3, '2019_08_19_000000_create_failed_jobs_table', 1),
(4, '2019_12_14_000001_create_personal_access_tokens_table', 1),
(5, '2023_07_02_112239_create_permissions_table', 1),
(6, '2023_07_02_112255_create_terms_table', 1),
(7, '2023_07_02_112311_create_categories_table', 1),
(8, '2023_07_02_112326_create_countries_table', 1),
(9, '2023_07_02_112341_create_businesses_table', 1),
(10, '2023_07_02_112355_create_services_table', 1),
(11, '2023_07_02_112408_create_products_table', 1),
(12, '2023_07_02_112423_create_business_reviews_table', 1),
(13, '2023_07_02_112439_create_ratings_table', 1),
(14, '2023_08_08_183216_create_service_reviews_table', 1),
(15, '2023_08_08_183240_create_product_reviews_table', 1),
(16, '2023_08_29_174203_create_regions_table', 1);

-- --------------------------------------------------------

--
-- Table structure for table `password_reset_tokens`
--

CREATE TABLE `password_reset_tokens` (
  `email` varchar(255) NOT NULL,
  `token` varchar(255) NOT NULL,
  `created_at` timestamp NULL DEFAULT NULL
) ENGINE=InnoDB DEFAULT CHARSET=utf8mb4 COLLATE=utf8mb4_unicode_ci;

-- --------------------------------------------------------

--
-- Table structure for table `permissions`
--

CREATE TABLE `permissions` (
  `id` bigint(20) UNSIGNED NOT NULL,
  `parent_id` varchar(255) NOT NULL,
  `name` varchar(255) NOT NULL,
  `slug` varchar(255) NOT NULL,
  `description` text DEFAULT NULL,
  `created_at` timestamp NULL DEFAULT NULL,
  `updated_at` timestamp NULL DEFAULT NULL
) ENGINE=InnoDB DEFAULT CHARSET=utf8mb4 COLLATE=utf8mb4_unicode_ci;

--
-- Dumping data for table `permissions`
--

INSERT INTO `permissions` (`id`, `parent_id`, `name`, `slug`, `description`, `created_at`, `updated_at`) VALUES
(1, '0', 'Business', 'business', 'Access Business Module', NULL, NULL),
(2, '1', 'View business', 'business.view', 'View business', NULL, NULL),
(3, '1', 'Update business', 'business.update', 'Update business', NULL, NULL),
(4, '1', 'Delete business', 'business.delete', 'Delete business', NULL, NULL),
(5, '1', 'Create business', 'business.create', 'Add new business', NULL, NULL),
(6, '0', 'Business Claims', 'business_claims', 'Access Business Claims Module', NULL, NULL),
(7, '6', 'View Business Claims', 'business_claims.view', 'View business claims', NULL, NULL),
(8, '6', 'Update Business Claims', 'business_claims.update', 'Update business claims', NULL, NULL),
(9, '6', 'Delete Business Claims', 'business_claims.delete', 'Delete business claims', NULL, NULL),
(10, '6', 'Create Business Claims', 'business_claims.create', 'Add new business claims', NULL, NULL),
(11, '0', 'Reviews', 'reviews', 'Access Reviews Module', NULL, NULL),
(12, '11', 'View reviews', 'reviews.view', 'View review ', NULL, NULL),
(13, '11', 'Update reviews', 'reviews.update', 'Update review', NULL, NULL),
(14, '11', 'Delete reviews', 'reviews.delete', 'Delete review', NULL, NULL),
(15, '11', 'Create reviews', 'reviews.create', 'Add new review', NULL, NULL),
(16, '0', 'Category', 'category', 'Access Category Module', NULL, NULL),
(17, '16', 'View Category', 'category.view', 'View review ', NULL, NULL),
(18, '16', 'Update Category', 'category.update', 'Update review', NULL, NULL),
(19, '16', 'Delete Category', 'category.delete', 'Delete review', NULL, NULL),
(20, '16', 'Create Category', 'category.create', 'Add new review', NULL, NULL),
(21, '0', 'User', 'user', 'Access Business Module', NULL, NULL),
(22, '21', 'View user', 'user.create', 'View user', NULL, NULL),
(23, '21', 'Update user', 'user.create', 'Update  user', NULL, NULL),
(24, '21', 'Delete user', 'user.create', 'Delete  user', NULL, NULL),
(25, '21', 'Create user', 'user.create', 'Create user', NULL, NULL),
(26, '0', 'Role', 'role', 'Access Role Module', NULL, NULL),
(27, '26', 'View role', 'role.create', 'View  role', NULL, NULL),
(28, '26', 'Update role', 'role.create', 'Update role', NULL, NULL),
(29, '26', 'Delete role', 'role.create', 'Delete role', NULL, NULL),
(30, '26', 'Create role', 'role.create', 'Create role', NULL, NULL),
(31, '0', 'Overview', 'admin_overview', 'Access Overview Module', NULL, NULL),
(32, '31', 'View Overview', 'admin_overview.view', 'View  Overview', NULL, NULL),
(33, '31', 'Update Overview', 'admin_overview.update', 'Update Overview', NULL, NULL),
(34, '31', 'Delete Overview', 'admin_overview.delete', 'Delete Overview', NULL, NULL),
(35, '31', 'Create Overview', 'admin_overview.create', 'Create Overview', NULL, NULL),
(36, '0', 'Manage Business', 'manage_business', 'Access Manage Business Module', NULL, NULL),
(37, '36', 'View manage business', 'manage_business.view', 'View  business', NULL, NULL),
(38, '36', 'Update manage  business', 'manage_business.update', 'Update business', NULL, NULL),
(39, '36', 'Delete manage business', 'manage_business.delete', 'Delete business', NULL, NULL),
(40, '36', 'Create manage business', 'manage_business.create', 'Create business', NULL, NULL),
(41, '0', 'Manage Overview', 'manage_overview', 'Access Manage Overview Module', NULL, NULL),
(42, '41', 'View manage overview', 'manage_overview.view', 'View  overview', NULL, NULL),
(43, '41', 'Update manage  overview', 'manage_overview.update', 'Update overview', NULL, NULL),
(44, '41', 'Delete manage overview', 'manage_overview.delete', 'Delete overview', NULL, NULL),
(45, '41', 'Create manage overview', 'manage_overview.create', 'Create overview', NULL, NULL),
(46, '0', 'Claim', 'claim', 'Access Claim Module', NULL, NULL),
(47, '46', 'View manage claim', 'claim.view', 'View  overview', NULL, NULL),
(48, '46', 'Update  claim', 'claim.update', 'Update claim', NULL, NULL),
(49, '46', 'Delete claim', 'claim.delete', 'Delete claim', NULL, NULL),
(50, '46', 'Create claim', 'claim.create', 'Create claim', NULL, NULL),
(51, '0', 'Overview', 'business_overview', 'Access Claim Module', NULL, NULL),
(52, '51', 'View overview', 'business_overview.view', 'View  overview', NULL, NULL),
(53, '51', 'Update  overview', 'business_overview.update', 'Update overview', NULL, NULL),
(54, '51', 'Delete overview', 'business_overview.delete', 'Delete overview', NULL, NULL),
(55, '51', 'Create overview', 'business_overview.create', 'Create overview', NULL, NULL),
(56, '0', 'Manage Review', 'manage_review', 'Access Review Module', NULL, NULL),
(57, '56', 'View Review', 'manage_review.view', 'View  Review', NULL, NULL),
(58, '56', 'Update  Review', 'manage_review.update', 'Update Review', NULL, NULL),
(59, '56', 'Delete Review', 'manage_review.delete', 'Delete Review', NULL, NULL),
(60, '56', 'Create Review', 'manage_review.create', 'Create overview', NULL, NULL);

-- --------------------------------------------------------

--
-- Table structure for table `persistences`
--

CREATE TABLE `persistences` (
  `id` int(10) UNSIGNED NOT NULL,
  `user_id` int(10) UNSIGNED NOT NULL,
  `code` varchar(255) NOT NULL,
  `created_at` timestamp NULL DEFAULT NULL,
  `updated_at` timestamp NULL DEFAULT NULL
) ENGINE=InnoDB DEFAULT CHARSET=utf8mb4 COLLATE=utf8mb4_unicode_ci;

--
-- Dumping data for table `persistences`
--

INSERT INTO `persistences` (`id`, `user_id`, `code`, `created_at`, `updated_at`) VALUES
(13, 3, 'M9df3wc3dir30a3SAeqyWmsWXK3YMFpO', '2024-05-05 06:47:36', '2024-05-05 06:47:36'),
(16, 4, 'W1ZRyw9QimWd13k2Z8MRry9mX5XkynId', '2024-05-25 15:10:18', '2024-05-25 15:10:18'),
(22, 2, 'qdnvd7bJ8FHiyxL7JSwe90AnBgFvnjVO', '2024-06-11 23:21:12', '2024-06-11 23:21:12'),
(25, 2, 'CPtABuh5dlJGQrLCezjiIJxXyrXJIorX', '2024-06-18 12:25:36', '2024-06-18 12:25:36'),
(27, 4, 'm0NVEQtCDjuazlXMOguqNWhVN4xLjr1U', '2024-06-24 16:06:52', '2024-06-24 16:06:52'),
(28, 7, 'VyVoNtJQAicZcBY6LWsNl6E8hJkSAdAS', '2024-06-24 16:36:07', '2024-06-24 16:36:07'),
(29, 7, '1bck4moCHNxHsTLDuK7AzcZqWFDMbzEi', '2024-06-24 18:41:10', '2024-06-24 18:41:10'),
(30, 7, 'PP1PoYjvDjfQsQ9LZ3cpRFse1pXL2Rdi', '2024-06-26 01:23:56', '2024-06-26 01:23:56'),
(33, 7, 'rXinjFrbYhes6h7Aa3kCs9pxSz3DsfTc', '2024-06-30 12:06:27', '2024-06-30 12:06:27'),
(34, 7, 'lIsz8Y6Kj9B5Ziv7i2Wx85V9oiDophHr', '2024-07-03 13:09:17', '2024-07-03 13:09:17'),
(35, 7, 'Wr8D3IGSZrVbwxf6LUvLvTeRyDMfi4o9', '2024-07-07 11:46:47', '2024-07-07 11:46:47'),
(36, 7, 'OigXhqGds9Vqv3UqWpDxE1veQXT7HCOk', '2024-07-09 14:06:06', '2024-07-09 14:06:06'),
(37, 7, 's0dljwQD38D4uNQC0ESBYY21Op0v9haW', '2024-07-09 18:38:45', '2024-07-09 18:38:45'),
(38, 7, 'L5GHBGz0qfSOov55Jhbbf8KIVId4ChIn', '2024-07-13 14:07:09', '2024-07-13 14:07:09'),
(39, 7, 'FO9dN1Gr9BYkHWtFVg5SCIuJkDX1puFk', '2024-07-14 11:44:13', '2024-07-14 11:44:13'),
(40, 7, 'CuiYhcfXelxAzzSNWCrBhV3VizklyOcZ', '2024-07-18 09:03:09', '2024-07-18 09:03:09'),
(41, 7, 'pPIBeMjju6YYWcQL9kaq9qkQXwH5a4X5', '2024-07-18 14:21:35', '2024-07-18 14:21:35'),
(42, 7, 'kyvfaB9uhZZiCqlt5f4uTKysXZzYiuLV', '2024-07-18 21:35:25', '2024-07-18 21:35:25'),
(43, 7, 'fpzYQDyZTVcYx4pjBcyIpiUiZKLNw1WI', '2024-07-19 02:08:37', '2024-07-19 02:08:37'),
(44, 7, 'uuleoZngIQbv3Gqpib9QzyLEdqbkE3RN', '2024-07-19 12:09:32', '2024-07-19 12:09:32'),
(45, 7, 'Lib8uCrOG2t9i2b1q26aejqpiour3k0X', '2024-07-20 18:18:28', '2024-07-20 18:18:28'),
(46, 7, '6vobBMaDFtyVliH1mvEmdKYOSSTEE3mB', '2024-07-22 15:14:01', '2024-07-22 15:14:01'),
(47, 7, 'WKxn2ec4aIfZTZIN1cogWrMOBHjNUkQs', '2024-07-23 14:48:34', '2024-07-23 14:48:34'),
(48, 7, '7AMMbd27O8HIsiWvVo3LGaAd6415QRPP', '2024-07-24 12:36:27', '2024-07-24 12:36:27'),
(49, 7, 'utHm7xeT5L8e7K3OPuxqKQYsTgKwVKo4', '2024-07-26 11:25:48', '2024-07-26 11:25:48'),
(50, 7, 'r0oq7ZpD5neA2px1Hj5mk5IbxSCC8zB8', '2024-07-28 11:05:04', '2024-07-28 11:05:04'),
(51, 7, '8rT8JaoRqd14qck008q5ofCpio2mwTDa', '2024-07-29 16:00:48', '2024-07-29 16:00:48'),
(52, 7, 'ZhCLex5LT9Sc4XoBQA9mDqCBWkZ0sMSx', '2024-07-29 18:58:47', '2024-07-29 18:58:47'),
(53, 7, 'OMdQ4sOeb7a0RVTRNo00U76IaSd7mZYQ', '2024-07-29 18:59:09', '2024-07-29 18:59:09'),
(54, 3, 'WG4nmEdVxsUIxL8KS5iwTGNOlUCY7j6V', '2024-07-29 20:23:07', '2024-07-29 20:23:07'),
(55, 3, 'TMYD1rfH4nWhKGL8ducEUroRT6UbUcgx', '2024-07-29 20:24:07', '2024-07-29 20:24:07'),
(56, 8, 'c2L5JcU3lJYEWa9pVilh8h2DW15APOWu', '2024-07-29 20:31:50', '2024-07-29 20:31:50'),
(60, 7, 'Yc8TKEyl4fwdWPlIEjTWJJrH0cDJ5pbJ', '2024-08-01 18:18:26', '2024-08-01 18:18:26'),
(62, 9, 'HM6uQKb15fc2AahDKfC0WtZGeN7xhfy0', '2024-08-05 12:33:12', '2024-08-05 12:33:12'),
(63, 7, 'J5cAQ3zGbWzBe4ZF8QvZUu71njIErHGS', '2024-08-05 18:07:39', '2024-08-05 18:07:39'),
(64, 7, 'XTRvzGNgHVM3aYHKXFxFVBNWybAp2WjP', '2024-08-06 16:56:57', '2024-08-06 16:56:57'),
(66, 3, 'sRlXChZrJaYMvIdt4C9yiokNXMiDYa4M', '2024-08-07 18:21:21', '2024-08-07 18:21:21'),
(67, 12, '9cTRA7gxfos0SlpwSWJ53tsyrkCD30Gq', '2024-08-07 19:01:18', '2024-08-07 19:01:18'),
(68, 12, 'MXr5657lwdToHp6gN4vXtkRVl006jBtB', '2024-08-07 19:01:30', '2024-08-07 19:01:30'),
(69, 12, 'f7wr3n9FsezVYP11DuQl5Ky42lxCvL2J', '2024-08-07 19:03:34', '2024-08-07 19:03:34'),
(70, 7, 'LUyIo5w1PoezXWCXc1V9pjWoMjXneGfr', '2024-08-08 12:10:33', '2024-08-08 12:10:33'),
(71, 7, 'vTUCINprgTG8RKvY8Cbb6ZnzQO4Ddo4o', '2024-08-08 18:35:30', '2024-08-08 18:35:30'),
(73, 12, 'iUUtq4eOj2w6PR8ASMbTNpLTomxnSA4R', '2024-08-09 23:26:21', '2024-08-09 23:26:21'),
(90, 1, 'pQRRUxYkLC6pzOrXCnjV0zsmnhpEvbD6', '2024-09-04 04:57:34', '2024-09-04 04:57:34'),
(94, 1, 'PG8pfZnaHdmW0HmKCXe6HBBtw6loaHys', '2024-09-21 13:30:37', '2024-09-21 13:30:37');

-- --------------------------------------------------------

--
-- Table structure for table `personal_access_tokens`
--

CREATE TABLE `personal_access_tokens` (
  `id` bigint(20) UNSIGNED NOT NULL,
  `tokenable_type` varchar(255) NOT NULL,
  `tokenable_id` bigint(20) UNSIGNED NOT NULL,
  `name` varchar(255) NOT NULL,
  `token` varchar(64) NOT NULL,
  `abilities` text DEFAULT NULL,
  `last_used_at` timestamp NULL DEFAULT NULL,
  `expires_at` timestamp NULL DEFAULT NULL,
  `created_at` timestamp NULL DEFAULT NULL,
  `updated_at` timestamp NULL DEFAULT NULL
) ENGINE=InnoDB DEFAULT CHARSET=utf8mb4 COLLATE=utf8mb4_unicode_ci;

-- --------------------------------------------------------

--
-- Table structure for table `products`
--

CREATE TABLE `products` (
  `id` bigint(20) UNSIGNED NOT NULL,
  `product_name` varchar(255) NOT NULL,
  `logo` varchar(255) DEFAULT NULL,
  `description` text DEFAULT NULL,
  `user_id` int(10) UNSIGNED DEFAULT NULL,
  `business_id` int(10) UNSIGNED NOT NULL,
  `total_review` int(11) NOT NULL DEFAULT 0,
  `total_rating` varchar(255) NOT NULL DEFAULT '0',
  `deleted_at` timestamp NULL DEFAULT NULL,
  `created_at` timestamp NULL DEFAULT NULL,
  `updated_at` timestamp NULL DEFAULT NULL
) ENGINE=InnoDB DEFAULT CHARSET=utf8mb4 COLLATE=utf8mb4_unicode_ci;

--
-- Dumping data for table `products`
--

INSERT INTO `products` (`id`, `product_name`, `logo`, `description`, `user_id`, `business_id`, `total_review`, `total_rating`, `deleted_at`, `created_at`, `updated_at`) VALUES
(1, 'Simba Tofali', 'product/20240222083707.png', 'BdhdjdjdbfhfhxudnxbhcifndbgcidndndhfhfidnbdhfudidndbhxudnebdhfusinwbdjxosnebxhshxyudjbbdhdksnbdhxisndvxhiwndbhxjdksndbjdkdndvdhdksbvdhdsnsbdjxusndhdusknebdhisnwvdhxukwbdhzusnwvdysiwbdvuswbdhyxkwbdhxuwbdvhxadvdhxyksbdhdyisnwhdusknshdisbshydkwhdudbdvdysinavzhsindoandhwbdkwndvdyosnsvdkdddishdudnshdisbdhudnsusisnhduwndhudbwgdusbbduskwbhdisnzhkwndhusnshdksnbduskwbdjsnsjxjkwbdjsjdbjskwndjskbdjszjsnsbdjsjdjsnsjdkdbdjjsnsjskndjdksjsksnsjsBshdkdndhbdjdidndhdiodndhdkdbdhxidndbhfkdndhdhxisndbxhdkwbdhdhsinwbdhxksjdbdhdhdh', 1, 5, 0, '0', NULL, '2024-02-22 14:37:07', '2024-02-22 14:37:07'),
(2, 'WebVFD', 'product/20240525103252.jpg', 'WebVFD is an application system which is directly connected to TRA Tax Administrator Server to enable the tax payer issue fiscal receipts with QR Code in real-time. Through the platforms, taxpayers can register products/services, record sales transactions, print or share fiscal receipt with customer, view different reports depending on the selected package etc.\r\n\r\nWebVFD is an application system which is directly connected to TRA Tax Administrator Server to enable the tax payer issue fiscal receipts with QR Code in real-time. Through the platforms, taxpayers can register products/services, record sales transactions, print or share fiscal receipt with customer, view different reports depending on the selected package etc.', 4, 7, 0, '0', NULL, '2024-05-25 15:32:52', '2024-05-25 15:32:52'),
(3, 'Bus Ticketing', 'product/20240525103525.jpg', 'Web e-Ticketing System is a comprehensive and dynamic management information system that enhances the efficiency and effectiveness of the electronic ticketing, enabling smooth operation of myriad tasks related to bus and ticket management as well as providing a consistent reporting and analysis framework.\r\n\r\nThis solution is a web-based application that’s accessible through cross-platform devices such as laptops, desktops, tablets. Also utilizes a Mobile application which facilitates operators, agents, and end-user customers to make bookings, payments, and receive important update notifications via SMS/email.', 4, 7, 2, '4', NULL, '2024-05-25 15:35:25', '2024-06-11 23:31:25'),
(4, 'Fuel Automation System', 'product/20240525104028.jpg', 'This is an information system that helps petrol station business industry to control the movement of fuels from the underground tanks to pumps outlets, it captures the sales details from the pump and save them in database without manual user intervention. This solution consists of hardware and software for which hardware (Interface & controller) are connected togetherfordata transmission from the pump nozzles and store them in database software for reporting and other uses.  ware for reporting and other uses.', 4, 7, 0, '0', NULL, '2024-05-25 15:40:28', '2024-05-25 15:40:28'),
(5, 'Simba cement', 'product/20240611184620.png', 'fghjkll fdghjkl dffhjkjl. fdghjkl dfguio dyujkl. fdghjkl vcbnm, fdyuio rdtyuio rtyuio frtyuio brtyuiofghjkll fdghjkl dffhjkjl. fdghjkl dfguio dyujkl. fdghjkl vcbnm, fdyuio rdtyuio rtyuio frtyuio brtyuiofghjkll fdghjkl dffhjkjl. fdghjkl dfguio dyujkl. fdghjkl vcbnm, fdyuio rdtyuio rtyuio frtyuio brtyuiofghjkll fdghjkl dffhjkjl. fdghjkl dfguio dyujkl. fdghjkl vcbnm, fdyuio rdtyuio rtyuio frtyuio brtyuiofghjkll fdghjkl dffhjkjl. fdghjkl dfguio dyujkl. fdghjkl vcbnm, fdyuio rdtyuio rtyuio frtyuio brtyuiofghjkll fdghjkl dffhjkjl. fdghjkl dfguio dyujkl. fdghjkl vcbnm, fdyuio rdtyuio rtyuio frtyuio brtyuio', 1, 8, 0, '0', NULL, '2024-06-11 23:46:20', '2024-06-11 23:46:20'),
(6, 'data voucher', 'product/20240630093934.webp', 'Vodacom is a leading and purpose-led African connectivity, digital and financial services company and we are celebrating our 30th anniversary.\r\nVodacom Tanzania Public Limited Company (‘Vodacom Tanzania’) is committed to the highest standards of business integrity, ethics and professionalism. Corporate governance principles include discipline, independence, responsibility, fairness, social responsibility, transparency and the accountability of directors to all stakeholders. These principles are entrenched in Vodacom Tanzania’s internal controls and policy procedures governing corporate conduct and are aligned with the Capital Markets and Securities Authority’s guidelines on corporate governance practices by public listed companies in Tanzania.', 7, 12, 0, '0', NULL, '2024-06-30 14:39:34', '2024-06-30 14:39:34'),
(7, '5G free internet access devices', 'product/20240630100935.jpg', 'Zantel is the fastest growing operator in the region.Zantel has its own international gateway and was the first to reduce rates on international calls by 60%. Zantel was the first to introduce wireless internet in Tanzania Zantel was the first to introduce per second billing in Tanzania Zantel offers Internet and High Speed Data Network in Dar es Salaam and Zanzibar enabling customers to browse the Internet and access business applications such as Internet based e-mail accounts Zantel has recorded tremendous growth upon introduction of its services in the Tanzania Mainland Zantel is a total communication company offering fixed, mobile and data servicesZantel is a good corporate citizen and has been at the forefront in supporting various initiatives, especially education and sports Zantel\'s diverse clientele includes the personal customer to the public and private companies, including other operators.', 7, 13, 0, '0', NULL, '2024-06-30 15:09:35', '2024-06-30 15:09:35'),
(8, 'Mega Bundle', 'product/20240630114941.jpg', 'The Megabundle provides the clients access of getting airtime and data bundles for the internet services.\r\nHalotel currently covers all regions of Tanzania with its 2G and 3G network via the 900MHz, 1800MHz and 2100MHz Frequency Spectrums and is on an ongoing deployment of telecommunication towers and sites to cover all regions with its 4G network. To improve on its 4G coverage and capacity, Halotel obtained additional 2600MHz Frequency Spectrum as auctioned off by the Tanzania Communications Regulatory Authority in October 2022.', 7, 14, 0, '0', NULL, '2024-06-30 16:49:41', '2024-06-30 16:49:41'),
(9, 'smartphones', 'product/20240630124309.png', 'Several notable types of smart devices are smartphones, smart speakers, smart cars, smart thermostats, smart doorbells, smart locks, smart refrigerators, phablets and tablets, smartwatches, smart bands, smart keychains, smart glasses, and many others.\r\nIntelligent Network technology consists of remotely manageable and automatically adjusting broadband nodes and amplifiers, as well as their management software. They have been designed to help operators improve quality of service while keeping operational cost in control.', 7, 15, 0, '0', NULL, '2024-06-30 17:43:09', '2024-06-30 17:43:09'),
(10, 'zuku decoder', 'product/20240630142025.png', 'A satellite-based platform and the fastest growing platform gives Zuku’s pay-TV service nationwide availability across the region. Satellite TV services are currently in Kenya, Uganda, Tanzania, Malawi and Zambia. Zuku TV has over 100 channels on the Zuku Satellite platform and more than 120 channels on the top-end Fiber platform. Zuku is proud of its Zuku branded channels, developed to resonate with the African audience.\r\n In addition Zuku TV carries third party channels including most of the major news and business channels as well as brands like: Fox Entertainment, FX, BET, E! Entertainment, Star Plus, Colors and SAB; MTV Base, Nickelodeon, KidsCo, Fashion One, Viasat’s four documentary channels, Nat Geo Adventure, Fine Living Network, MGM Channel, Zee Cinema, African Movie Channel Zuku TV also has the major free-to air channels from Kenya, Uganda, Tanzania and Malawi.', 7, 16, 0, '0', NULL, '2024-06-30 19:20:25', '2024-06-30 19:20:25'),
(11, 'Foods and breakfast', 'product/20240703123427.jpg', 'Our Food and staff are locally sourced and hand-picked to create the uniqueness and personal attention that would go missing in many large entity accommodations in comparison. Our Mama Korona Dishes are popular for Breakfast and Dinners, yet we boast of the best Safari Picnic Lunches on the route. We take care of special diets to include - Pure Vegetarians and or Vegans, Gluten Free meals among others. Our Room and Bed arrangements do take care of Guests with families in our Family Rooms, Twin shares, Triple rooms and Queen Size Beds that can be converted to Single occupant’s rooms.', 7, 17, 0, '0', NULL, '2024-07-03 17:34:27', '2024-07-03 17:34:27'),
(12, 'Petsville Product', 'product/20240709140258.html', 'Our Store is centrally located in Masaki, on Chole Road. You will meet our engaging, friendly and knowledgeable team, who bring with them years of personal pet ownership and experience in pet care. They are ready to answer any questions you may have, and will always have recommendations for the best products to suit your pets needs.\r\nAt Petsville, we want the best for you and your pets. You can rely on us to give you open and honest advice.\r\nWe support Every Living Thing, an animal rescue centre and you can purchase much needed products in our shop and place them in the donation basket in store.', 7, 27, 0, '0', NULL, '2024-07-09 19:02:58', '2024-07-09 19:02:58'),
(13, 'kerosene and diesel oil', 'product/20240805133150.jpg', 'Lake Group Vision is to become a world class Multi National Corporation providing Quality Products and Services of daily consumption in a safe, efficient and cost effective manner without damaging the environment, and also to identify and enter new areas of business thereby expanding the Group. The Group is involved in various corporate social responsibilities programs aimed at assisting needy children, health care institutions and upgrade of various places of worship and spiritual guidance.\r\nLake Group\'s Mission is to provide its customers with quality products and services in a safe efficient and cost effective manner without damaging the environment.', 7, 184, 0, '0', NULL, '2024-08-05 18:31:50', '2024-08-05 18:31:50'),
(14, 'Mwanachuo bando', 'product/20240816154802.png', 'Bando maalum kwa mwanachuo.Bando maalum kwa mwanachuo.Bando maalum kwa mwanachuo.Bando maalum kwa mwanachuo.Bando maalum kwa mwanachuo.Bando maalum kwa mwanachuo.Bando maalum kwa mwanachuo.Bando maalum kwa mwanachuo.Bando maalum kwa mwanachuo.Bando maalum kwa mwanachuo.Bando maalum kwa mwanachuo.Bando maalum kwa mwanachuo.Bando maalum kwa mwanachuo.Bando maalum kwa mwanachuo.Bando maalum kwa mwanachuo.Bando maalum kwa mwanachuo.Bando maalum kwa mwanachuo.Bando maalum kwa mwanachuo.Bando maalum kwa mwanachuo.Bando maalum kwa mwanachuo.Bando maalum kwa mwanachuo.Bando maalum kwa mwanachuo.Bando maalum kwa mwanachuo.Bando maalum kwa mwanachuo. fsghdjdkofddhfh', 10, 1, 0, '0', NULL, '2024-08-16 20:48:02', '2024-08-16 20:48:02'),
(15, 'Mita Maya', 'product/20240816160722.png', 'Tunafunga mita maya, Ipe tano system test product.Tunafunga mita maya, Ipe tano system test product.Tunafunga mita maya, Ipe tano system test product.Tunafunga mita maya, Ipe tano system test product.Tunafunga mita maya, Ipe tano system test product.Tunafunga mita maya, Ipe tano system test product.Tunafunga mita maya, Ipe tano system test product.Tunafunga mita maya, Ipe tano system test product.Tunafunga mita maya, Ipe tano system test product.Tunafunga mita maya, Ipe tano system test product.Tunafunga mita maya, Ipe tano system test product.Tunafunga mita maya, Ipe tano system test product.', 10, 162, 0, '0', NULL, '2024-08-16 21:07:22', '2024-08-16 21:07:22');

-- --------------------------------------------------------

--
-- Table structure for table `product_reviews`
--

CREATE TABLE `product_reviews` (
  `id` bigint(20) UNSIGNED NOT NULL,
  `user_id` int(10) UNSIGNED DEFAULT NULL,
  `review_title` text NOT NULL,
  `review` text NOT NULL,
  `rating` int(10) UNSIGNED NOT NULL DEFAULT 0,
  `product_id` bigint(20) UNSIGNED DEFAULT NULL,
  `company_logo` varchar(255) DEFAULT NULL,
  `status` varchar(255) NOT NULL DEFAULT '0',
  `review_reason` text DEFAULT NULL,
  `deleted_at` timestamp NULL DEFAULT NULL,
  `created_at` timestamp NULL DEFAULT NULL,
  `updated_at` timestamp NULL DEFAULT NULL
) ENGINE=InnoDB DEFAULT CHARSET=utf8mb4 COLLATE=utf8mb4_unicode_ci;

--
-- Dumping data for table `product_reviews`
--

INSERT INTO `product_reviews` (`id`, `user_id`, `review_title`, `review`, `rating`, `product_id`, `company_logo`, `status`, `review_reason`, `deleted_at`, `created_at`, `updated_at`) VALUES
(1, 2, 'Huduma bora KABISA', 'DFGHJK VCBNM FDGHJKL EWRTYUI FGGHJK GFHJK VBNM ERTYUIOP GFGHJKLL VBNM,SDFGHJK.', 5, 3, NULL, '1', NULL, NULL, '2024-06-11 23:31:00', '2024-06-11 23:31:00'),
(2, 2, 'DFFGHJKLLRTYUIO', 'DFGHJKVBNMNEWRTYUIOP GHOVBN sgfhjkl cvbnm, ewrtyuiop', 3, 3, NULL, '3', NULL, NULL, '2024-06-11 23:31:25', '2024-06-11 23:49:19');

-- --------------------------------------------------------

--
-- Table structure for table `ratings`
--

CREATE TABLE `ratings` (
  `id` bigint(20) UNSIGNED NOT NULL,
  `business_id` int(10) UNSIGNED NOT NULL,
  `businessrating_id` int(10) UNSIGNED NOT NULL,
  `service_id` int(10) UNSIGNED NOT NULL,
  `product_id` int(10) UNSIGNED NOT NULL,
  `rating` int(11) NOT NULL,
  `type` varchar(255) DEFAULT NULL,
  `status` int(11) DEFAULT NULL,
  `deleted_at` timestamp NULL DEFAULT NULL,
  `created_at` timestamp NULL DEFAULT NULL,
  `updated_at` timestamp NULL DEFAULT NULL
) ENGINE=InnoDB DEFAULT CHARSET=utf8mb4 COLLATE=utf8mb4_unicode_ci;

-- --------------------------------------------------------

--
-- Table structure for table `regions`
--

CREATE TABLE `regions` (
  `id` bigint(20) UNSIGNED NOT NULL,
  `name` varchar(255) NOT NULL,
  `deleted_at` timestamp NULL DEFAULT NULL,
  `created_at` timestamp NULL DEFAULT NULL,
  `updated_at` timestamp NULL DEFAULT NULL
) ENGINE=InnoDB DEFAULT CHARSET=utf8mb4 COLLATE=utf8mb4_unicode_ci;

--
-- Dumping data for table `regions`
--

INSERT INTO `regions` (`id`, `name`, `deleted_at`, `created_at`, `updated_at`) VALUES
(1, 'Arusha', NULL, NULL, NULL),
(2, 'Dar es Salaam', NULL, NULL, NULL),
(3, 'Dodoma', NULL, NULL, NULL),
(4, 'Geita', NULL, NULL, NULL),
(5, 'Iringa', NULL, NULL, NULL),
(6, 'Kagera', NULL, NULL, NULL),
(7, 'Katavi', NULL, NULL, NULL),
(8, 'Kigoma', NULL, NULL, NULL),
(9, 'Kilimanjaro', NULL, NULL, NULL),
(10, 'Lindi', NULL, NULL, NULL),
(11, 'Manyara', NULL, NULL, NULL),
(12, 'Mara', NULL, NULL, NULL),
(13, 'Mbeya', NULL, NULL, NULL),
(14, 'Mjini Magharibi', NULL, NULL, NULL),
(15, 'Morogoro', NULL, NULL, NULL),
(16, 'Mtwara', NULL, NULL, NULL),
(17, 'Mwanza', NULL, NULL, NULL),
(18, 'Njombe', NULL, NULL, NULL),
(19, 'Pemba North', NULL, NULL, NULL),
(20, 'Pemba South', NULL, NULL, NULL),
(21, 'Pwani', NULL, NULL, NULL),
(22, 'Rukwa', NULL, NULL, NULL),
(23, 'Ruvuma', NULL, NULL, NULL),
(24, 'Shinyanga', NULL, NULL, NULL),
(25, 'Simiyu', NULL, NULL, NULL),
(26, 'Singida', NULL, NULL, NULL),
(27, 'Tabora', NULL, NULL, NULL),
(28, 'Tanga', NULL, NULL, NULL),
(29, 'Unguja North', NULL, NULL, NULL),
(30, 'Unguja South', NULL, NULL, NULL);

-- --------------------------------------------------------

--
-- Table structure for table `reminders`
--

CREATE TABLE `reminders` (
  `id` int(10) UNSIGNED NOT NULL,
  `user_id` int(10) UNSIGNED NOT NULL,
  `code` varchar(255) NOT NULL,
  `completed` tinyint(1) NOT NULL DEFAULT 0,
  `completed_at` timestamp NULL DEFAULT NULL,
  `created_at` timestamp NULL DEFAULT NULL,
  `updated_at` timestamp NULL DEFAULT NULL
) ENGINE=InnoDB DEFAULT CHARSET=utf8mb4 COLLATE=utf8mb4_unicode_ci;

-- --------------------------------------------------------

--
-- Table structure for table `roles`
--

CREATE TABLE `roles` (
  `id` int(10) UNSIGNED NOT NULL,
  `slug` varchar(255) NOT NULL,
  `name` varchar(255) NOT NULL,
  `permissions` text DEFAULT NULL,
  `createdby` int(11) NOT NULL DEFAULT 0,
  `created_at` timestamp NULL DEFAULT NULL,
  `updated_at` timestamp NULL DEFAULT NULL
) ENGINE=InnoDB DEFAULT CHARSET=utf8mb4 COLLATE=utf8mb4_unicode_ci;

--
-- Dumping data for table `roles`
--

INSERT INTO `roles` (`id`, `slug`, `name`, `permissions`, `createdby`, `created_at`, `updated_at`) VALUES
(1, 'admin', 'Admin', '{\"business\":true,\"business.view\":true,\"business.update\":true,\"business.delete\":true, \"business.create\":true,\"business_claims\":true,\"business_claims.view\":true,\"business_claims.update\":true,\"business_claims.delete\":true,\"business_claims.create\":true,\"reviews\":true,\"reviews.view\":true,\"reviews.update\":true,\"reviews.delete\":true,\"reviews.create\":true,\"user\":true,\"user.view\":true,\"user.update\":true,\"user.delete\":true,\"user.create\":true,\"role\":true,\"role.view\":true,\"role.update\":true,\"role.delete\":true,\"role.create\":true,\"category\":true,\"category.view\":true,\"category.update\":true,\"category.delete\":true,\"category.create\":true}', 1, NULL, NULL),
(2, 'business', 'Business', '{\"manage_business\":true,\"manage_business.view\":true,\"manage_business.update\":true,\"manage_business.delete\":true,\"manage_business.create\":true, \"manage_overview\":true,\"manage_overview.view\":true,\"manage_overview.update\":true,\"manage_overview.delete\":true,\"manage_overview.create\":true,\"claim\":true,\"claim.view\":true,\"claim.update\":true,\"claim.delete\":true, \"claim.create\":true,\"manage_review\":true,\"manage_review.view\":true,\"manage_review.update\":true,\"manage_review.delete\":true, \"manage_review.create\":true}', 1, NULL, NULL),
(3, 'consumer', 'Consumer', '', 1, NULL, NULL);

-- --------------------------------------------------------

--
-- Table structure for table `role_users`
--

CREATE TABLE `role_users` (
  `user_id` int(10) UNSIGNED NOT NULL,
  `role_id` int(10) UNSIGNED NOT NULL,
  `created_at` timestamp NULL DEFAULT NULL,
  `updated_at` timestamp NULL DEFAULT NULL
) ENGINE=InnoDB DEFAULT CHARSET=utf8mb4 COLLATE=utf8mb4_unicode_ci;

--
-- Dumping data for table `role_users`
--

INSERT INTO `role_users` (`user_id`, `role_id`, `created_at`, `updated_at`) VALUES
(1, 1, '2023-11-27 10:48:07', '2023-11-27 10:48:07'),
(2, 3, '2024-02-22 14:30:08', '2024-02-22 14:30:08'),
(3, 3, '2024-05-05 06:47:36', '2024-05-05 06:47:36'),
(4, 1, '2024-05-20 16:07:45', '2024-05-20 16:07:45'),
(6, 3, '2024-06-13 13:05:28', '2024-06-13 13:05:28'),
(7, 1, '2024-06-24 16:31:11', '2024-06-24 16:31:11'),
(8, 3, '2024-07-29 20:31:49', '2024-07-29 20:31:49'),
(9, 3, '2024-08-05 12:33:12', '2024-08-05 12:33:12'),
(10, 2, '2024-08-07 18:44:13', '2024-08-07 18:44:13'),
(12, 3, '2024-08-07 19:01:18', '2024-08-07 19:01:18'),
(14, 2, '2024-08-16 21:32:41', '2024-08-16 21:32:41'),
(15, 1, '2024-08-17 12:32:43', '2024-08-17 12:32:43'),
(16, 1, '2024-08-17 12:33:24', '2024-08-17 12:33:24'),
(17, 1, '2024-08-17 12:34:01', '2024-08-17 12:34:01');

-- --------------------------------------------------------

--
-- Table structure for table `services`
--

CREATE TABLE `services` (
  `id` bigint(20) UNSIGNED NOT NULL,
  `service_name` varchar(255) NOT NULL,
  `logo` varchar(255) DEFAULT NULL,
  `description` text DEFAULT NULL,
  `user_id` int(10) UNSIGNED DEFAULT NULL,
  `business_id` int(10) UNSIGNED NOT NULL,
  `total_review` int(11) NOT NULL DEFAULT 0,
  `total_rating` varchar(255) NOT NULL DEFAULT '0',
  `deleted_at` timestamp NULL DEFAULT NULL,
  `created_at` timestamp NULL DEFAULT NULL,
  `updated_at` timestamp NULL DEFAULT NULL
) ENGINE=InnoDB DEFAULT CHARSET=utf8mb4 COLLATE=utf8mb4_unicode_ci;

--
-- Dumping data for table `services`
--

INSERT INTO `services` (`id`, `service_name`, `logo`, `description`, `user_id`, `business_id`, `total_review`, `total_rating`, `deleted_at`, `created_at`, `updated_at`) VALUES
(1, 'Usafirishaji mzigo', 'service/20240222083842.png', 'BdhdjdjdbfhfhxudnxbhcifndbgcidndndhfhfidnbdhfudidndbhxudnebdhfusinwbdjxosnebxhshxyudjbbdhdksnbdhxisndvxhiwndbhxjdksndbjdkdndvdhdksbvdhdsnsbdjxusndhdusknebdhisnwvdhxukwbdhzusnwvdysiwbdvuswbdhyxkwbdhxuwbdvhxadvdhxyksbdhdyisnwhdusknshdisbshydkwhdudbdvdysinavzhsindoandhwbdkwndvdyosnsvdkdddishdudnshdisbdhudnsusisnhduwndhudbwgdusbbduskwbhdisnzhkwndhusnshdksnbduskwbdjsnsjxjkwbdjsjdbjskwndjskbdjszjsnsbdjsjdjsnsjdkdbdjjsnsjskndjdksjsksnsjsBshdkdndhbdjdidndhdiodndhdkdbdhxidndbhfkdndhdhxisndbxhdkwbdhdhsinwbdhxksjdbdhdhdh', NULL, 5, 1, '3', NULL, '2024-02-22 14:38:42', '2024-02-22 14:42:32'),
(2, 'Web Hosting', 'service/20240525104251.jpg', 'Our Web Hosting packages give you an affordable way to get your website on the internet whether you designed your own site, had another programmer do it, or had WT Custom Design Group design it, you need a web server to host your website so the public can view it on the internet. We offer a number of affordable Web Hosting packages to match your needs. Our Web Hosting packages give you an affordable way to get your website on the internet whether you designed your own site, had another programmer do it, or had WT Custom Design Group design it, you need a web server to host your website so the public can view it on the internet. We offer a number of affordable Web Hosting packages to match your needs.', NULL, 7, 0, '0', NULL, '2024-05-25 15:42:51', '2024-05-25 15:42:51'),
(3, 'ectronic Cargo Tracking', 'service/20240525104351.jpg', 'We are equipped to provide end-to-end solutions for Cargo Tracking. Our Electronic seals are TRA Approved & are useful in securing containers, tankers & loose cargo. The seals communicate with the tracking unit & provide real time updates. Additionally, you can also track the movement of the vehicle & cargo station online through a user-friendly interface.\r\n\r\nWe are equipped to provide end-to-end solutions for Cargo Tracking. Our Electronic seals are TRA Approved & are useful in securing containers, tankers & loose cargo. The seals communicate with the tracking unit & provide real time updates. Additionally, you can also track the movement of the vehicle & cargo station online through a user-friendly interface.', NULL, 7, 0, '0', NULL, '2024-05-25 15:43:51', '2024-05-25 15:43:51'),
(4, 'CCTV & Surveillance', 'service/20240525104457.jpg', 'Web Technologies provides advanced integrated CCTV solutions. We supply the entire range, from basic video surveillance systems for a retail store to deter and monitor shoplifting, through complete monitoring of a building or a complex, up to a multi-site solution with a central command and control center, monitoring remote sites/branches from one location.\r\n\r\nWeb Technologies provides advanced integrated CCTV solutions. We supply the entire range, from basic video surveillance systems for a retail store to deter and monitor shoplifting, through complete monitoring of a building or a complex, up to a multi-site solution with a central command and control center, monitoring remote sites/branches from one location.', NULL, 7, 0, '0', NULL, '2024-05-25 15:44:57', '2024-05-25 15:44:57'),
(5, 'delivery', 'service/20240611184749.png', 'dfghjkl retyguhijok rdtyuiofghjkll fdghjkl dffhjkjl. fdghjkl dfguio dyujkl. fdghjkl vcbnm, fdyuio rdtyuio rtyuio frtyuio brtyuiofghjkll fdghjkl dffhjkjl. fdghjkl dfguio dyujkl. fdghjkl vcbnm, fdyuio rdtyuio rtyuio frtyuio brtyuiofghjkll fdghjkl dffhjkjl. fdghjkl dfguio dyujkl. fdghjkl vcbnm, fdyuio rdtyuio rtyuio frtyuio brtyuiofghjkll fdghjkl dffhjkjl. fdghjkl dfguio dyujkl. fdghjkl vcbnm, fdyuio rdtyuio rtyuio frtyuio brtyuiofghjkll fdghjkl dffhjkjl. fdghjkl dfguio dyujkl. fdghjkl vcbnm, fdyuio rdtyuio rtyuio frtyuio brtyuiofghjkll fdghjkl dffhjkjl. fdghjkl dfguio dyujkl. fdghjkl vcbnm, fdyuio rdtyuio rtyuio frtyuio brtyuiofghjkll fdghjkl dffhjkjl. fdghjkl dfguio dyujkl. fdghjkl vcbnm, fdyuio rdtyuio rtyuio frtyuio brtyuiofghjkll fdghjkl dffhjkjl. fdghjkl dfguio dyujkl. fdghjkl vcbnm, fdyuio rdtyuio rtyuio frtyuio brtyuio', NULL, 8, 0, '0', NULL, '2024-06-11 23:47:49', '2024-06-11 23:47:49'),
(6, 'i bank', 'service/20240624114440.jpg', 'Diamond Trust Bank (DTB) has been widely considered the fastest growing bank in the country over the last decade. DTB was the 4th largest bank in terms ofDiamond Trust Bank (DTB) has been widely considered the fastest growing bank in the country over the last decade. DTB was the 4th largest bank in terms ofDiamond Trust Bank (DTB) has been widely considered the fastest growing bank in the country over the last decade. DTB was the 4th largest bank in terms ofDiamond Trust Bank (DTB) has been widely considered the fastest growing bank in the country over the last decade. DTB was the 4th largest bank in terms of', NULL, 9, 0, '0', NULL, '2024-06-24 16:44:40', '2024-06-24 16:44:40'),
(7, 'Post paid services, small merchant enterprises (SmE) services, Bundles internet and airtime, and digital services', 'service/20240630082527.webp', 'The consumer business offers 2G, 3G and 4G wireless services, mobile commerce, fixed line services, high speed DSL broadband, IPTV and Digital TV. The enterprise services include national & international long distance services to large enterprises and carriers and tower infrastructure services.\r\nWe offer postpaid, prepaid, international roaming, data connectivity and other value- added services to our customers. We provide fixed-line telephone and broadband services for homes across India. The product offerings include high-speed broadband on copper and fiber and voice connectivity', NULL, 10, 0, '0', NULL, '2024-06-30 13:25:27', '2024-06-30 13:25:27'),
(8, 'Post paid services, small merchant enterprises (SmE) services, Bundles internet and airtime, and digital services', '', 'Tigo Pesa and Visa partner to enable\r\nTanzanian consumers move funds\r\nquickly and securely through Visa Direct.\r\n9 million Tigo Pesa customers now able\r\nto move funds quickly and securely from\r\ntheir Visa card to their Tigo Pesa wallets\r\nusing Visa Direct capabilities.\r\nTigo customers can now link their Visa\r\ncard using their smartphones on Tigo\r\nPesa APP or via Tigo Pesa USSD menu\r\n*150*01#. Once the card is linked, the card\r\ninformation is safely and securely stored.\r\nFor subsequent transactions, customers\r\nwill be able to move funds instantly,\r\nwithin the Tigo Pesa APP or Tigo Pesa\r\nmenu *150*01#, from their linked Visa\r\ncard(s) directly into Tigo Pesa wallets.', NULL, 11, 0, '0', NULL, '2024-06-30 14:02:40', '2024-06-30 14:02:40'),
(9, '5G internet services', 'service/20240630094544.jpg', '5G is the latest, fastest mobile network generation. It has three primary advantages over previous network generations: Speed: 5G is up to 10 times faster than 4G. Low latency: 5G users will experience virtually no lag when using a device connected to a 5G network, improving video calls and streaming services.\r\nThe network will be available for fixed network customers through Vodacom’s 5G routers, and for smartphone users with 5G capable devices. Customers can expect to enjoy speeds of up to\r\n400 megabits-per-second (Mbps), with plans to offer more than 800Mbps in the coming months. Vodacom expects the network to achieve speeds of up to 1 Gigabit-per-second once the 5G spectrum is made fully available.', NULL, 12, 0, '0', NULL, '2024-06-30 14:45:44', '2024-06-30 14:45:44'),
(10, 'optimal zantel package', 'service/20240630100801.jpg', 'Zantel is the fastest growing operator in the region.Zantel has its own international gateway and was the first to reduce rates on international calls by 60%. Zantel was the first to introduce wireless internet in Tanzania Zantel was the first to introduce per second billing in Tanzania Zantel offers Internet and High Speed Data Network in Dar es Salaam and Zanzibar enabling customers to browse the Internet and access business applications such as Internet based e-mail accounts Zantel has recorded tremendous growth upon introduction of its services in the Tanzania Mainland Zantel is a total communication company offering fixed, mobile and data servicesZantel is a good corporate citizen and has been at the forefront in supporting various initiatives, especially education and sports Zantel\'s diverse clientele includes the personal customer to the public and private companies, including other operators.', NULL, 13, 0, '0', NULL, '2024-06-30 15:08:01', '2024-06-30 15:08:01'),
(11, 'mobile package', '', 'Halotel, is a mobile communications company, providing voice, messaging, data and communication services in Tanzania. It is owned by Viettel Global JSC which is the state-owned Investment Company from Vietnam investing in the Telecommunications market in several countries worldwide. It has invested up to $1 Billion into the Tanzania\'s telecommunications market. The Company was the first company in Tanzania allowed to lay its own fiber optic cable and has placed over 18,000 km of optic fiber, providing all 26 regions of Tanzania with telecommunication services.\r\nViettel Tanzania Public Limited Company, trading as Halotel, is a mobile communications company, providing voice, messaging, data and communication services.HALOPESA is a mobile money service brought to you by Halotel and it allows subscriber with a mobile phone to send and receive money quickly, safely, affordably and conviniently.HaloPesa has variety of products and services that will enable our customers to reach their daily needs.', NULL, 14, 0, '0', NULL, '2024-06-30 16:59:36', '2024-06-30 16:59:36'),
(12, 'mobile package', 'service/20240630120213.jpg', 'Halotel, is a mobile communications company, providing voice, messaging, data and communication services in Tanzania. It is owned by Viettel Global JSC which is the state-owned Investment Company from Vietnam investing in the Telecommunications market in several countries worldwide. It has invested up to $1 Billion into the Tanzania\'s telecommunications market. The Company was the first company in Tanzania allowed to lay its own fiber optic cable and has placed over 18,000 km of optic fiber, providing all 26 regions of Tanzania with telecommunication services.\r\nViettel Tanzania Public Limited Company, trading as Halotel, is a mobile communications company, providing voice, messaging, data and communication services.HALOPESA is a mobile money service brought to you by Halotel and it allows subscriber with a mobile phone to send and receive money quickly, safely, affordably and conviniently.HaloPesa has variety of products and services that will enable our customers to reach their daily needs.', NULL, 14, 0, '0', NULL, '2024-06-30 17:02:13', '2024-06-30 17:02:13'),
(13, 'smartnetwork wireless broadband/router internet service', 'service/20240630125756.jpg', 'Speed & Reliability is the first and foremost concern while you are going to choose the provider. Smart Network Limited is promise to provide the most reliable and affordable Internet Connectivity. Smart Network is Experienced enough to design an effective and secured Surveillance system for your organization and suggest you the best system that fit your need. Smart Network provide you the fastest Hosting storage for any Small to Large businesses. We also provide Domain for your website. No body can deny that without Digital Marketing any business can do well these days', NULL, 15, 0, '0', NULL, '2024-06-30 17:57:56', '2024-06-30 17:57:56'),
(14, 'zuku fiber', 'service/20240630141524.jpg', 'A cable network currently available only in Nairobi and Mombasa .This platform supports broadband, pay-tv and telephony services through a single cable into customers’ homes. Residential speeds are currently up to 250 Mbps the fastest internet speed in East Africa. The inclusion of high quality voice services with free unlimited local on-net phone calls is another first on the continent available only in Nairobi, Mombasa and Dar es Salaam. However, the product will be extended to the other major cities in East Africa soon.', NULL, 16, 0, '0', NULL, '2024-06-30 19:15:24', '2024-06-30 19:15:24'),
(15, 'swimming pool services', 'service/20240703123816.jpg', 'Our Room and Bed arrangements do take care of Guests with families in our Family Rooms, Twin shares, Triple rooms and Queen Size Beds that can be converted to Single occupant’s rooms. Our Room Comes with: -Free Use of Swimming pool (Kids and Adults next door) -Full American Type Buffet Breakfast (special diets on request) - Seating area, working desk, flat screen TV with satellite channels, -Tea/ Coffee making facilities (on request) -Private High-pressure Hot/Cold shower -All Toiletries: towels, hairdryer, shampoo, Gel, rubber slippers and toothpaste. -Room service (on Request) -Working Table and reading Light -Free 1.5L Bottle of Mineral water (at check-in.)', NULL, 17, 0, '0', NULL, '2024-07-03 17:38:16', '2024-07-03 17:38:16'),
(16, 'Apartments and Hotels', 'service/20240703131718.png', 'Kibo Palace has been named after Africa’s largest mountain (Kilimanjaro) highest peak called Kibo. This mountain is a major tourist attraction for vacationers from all over the world. We aim to provide our clients with the highest standard of service in every aspect, a delightful experience of hospitality and modern amenities. Each of our accommodation selections is distinctive in location and architecture that portrays an authentic character of its own. \r\nBanking and hospital facilities are all within 50 meters radius of the hotel. The architectural design gives the hotel an authentic character of its own.', NULL, 18, 0, '0', NULL, '2024-07-03 18:17:18', '2024-07-03 18:17:18'),
(17, 'Deluxe Rooms', 'service/20240707065918.webp', 'This small cozy enclave within the hotel is favorite place to enjoy an afternoon/evening drink. Take a book, relax, dip your feet in the pool or just watch the birds as they come and go! You are at the African Tulip…Hakuna Matata!\r\nEach of our 29 rooms are individually decorated with a range of African Fabrics and décor. They have bay windows, air conditioning, Hairdryers, electronic safe, a mini bar, writing desk, a mini bar and Smart TV.\r\nThere are a number of activities that one can undertake while in Arusha.', NULL, 19, 0, '0', NULL, '2024-07-07 11:59:18', '2024-07-07 11:59:18'),
(18, 'services available are Electricity,Natural gas, water supply and petrol.', '', 'It is responsible for technical and economic regulation of the electricity, petroleum, natural gas and water sectors in Tanzania pursuant to Cap 414 and sector legislation.\r\nThe functions of EWURA include among others, to issue licenses, regulating rates and charges, making rules, monitoring the performance of the regulated sectors, facilitating resolution of complaints and disputes between service providers and consumers of regulated goods and services and disseminate information about matters relevant to its functions.', NULL, 188, 0, '0', NULL, '2024-08-06 19:37:30', '2024-08-06 19:37:30'),
(19, 'Manjano', 'service/20240816155635.png', 'Wanja mzuri wa manjano. Wanja mzuri wa manjano.Wanja mzuri wa manjanoWanja mzuri wa manjano. Wanja mzuri wa manjano.Wanja mzuri wa manjano.Wanja mzuri wa manjano. Wanja mzuri wa manjano.Wanja mzuri wa manjano.Wanja mzuri wa manjano. Wanja mzuri wa manjano.Wanja mzuri wa manjano.Wanja mzuri wa manjano. Wanja mzuri wa manjano.Wanja mzuri wa manjano.Wanja mzuri wa manjano. Wanja mzuri wa manjano.Wanja mzuri wa manjano.Wanja mzuri wa manjano. Wanja mzuri wa manjano.Wanja mzuri wa manjano.Wanja mzuri wa manjano. Wanja mzuri wa manjano.Wanja mzuri wa manjano.Wanja mzuri wa manjano. Wanja mzuri wa manjano.Wanja mzuri wa manjano.', 10, 6, 0, '0', NULL, '2024-08-16 20:56:35', '2024-08-16 20:56:35'),
(20, 'Manjano', 'service/20240816155928.png', 'Wanja mzuri wa manjano. Wanja mzuri wa manjano.Wanja mzuri wa manjanoWanja mzuri wa manjano. Wanja mzuri wa manjano.Wanja mzuri wa manjano.Wanja mzuri wa manjano. Wanja mzuri wa manjano.Wanja mzuri wa manjano.Wanja mzuri wa manjano. Wanja mzuri wa manjano.Wanja mzuri wa manjano.Wanja mzuri wa manjano. Wanja mzuri wa manjano.Wanja mzuri wa manjano.Wanja mzuri wa manjano. Wanja mzuri wa manjano.Wanja mzuri wa manjano.Wanja mzuri wa manjano. Wanja mzuri wa manjano.Wanja mzuri wa manjano.Wanja mzuri wa manjano. Wanja mzuri wa manjano.Wanja mzuri wa manjano.Wanja mzuri wa manjano. Wanja mzuri wa manjano.Wanja mzuri wa manjano.', 10, 6, 0, '0', NULL, '2024-08-16 20:59:28', '2024-08-16 20:59:28');

-- --------------------------------------------------------

--
-- Table structure for table `service_reviews`
--

CREATE TABLE `service_reviews` (
  `id` bigint(20) UNSIGNED NOT NULL,
  `user_id` int(10) UNSIGNED DEFAULT NULL,
  `review_title` text NOT NULL,
  `review` text NOT NULL,
  `rating` int(10) UNSIGNED NOT NULL DEFAULT 0,
  `service_id` bigint(20) UNSIGNED DEFAULT NULL,
  `company_logo` varchar(255) DEFAULT NULL,
  `status` varchar(255) NOT NULL DEFAULT '0',
  `review_reason` text DEFAULT NULL,
  `deleted_at` timestamp NULL DEFAULT NULL,
  `created_at` timestamp NULL DEFAULT NULL,
  `updated_at` timestamp NULL DEFAULT NULL
) ENGINE=InnoDB DEFAULT CHARSET=utf8mb4 COLLATE=utf8mb4_unicode_ci;

--
-- Dumping data for table `service_reviews`
--

INSERT INTO `service_reviews` (`id`, `user_id`, `review_title`, `review`, `rating`, `service_id`, `company_logo`, `status`, `review_reason`, `deleted_at`, `created_at`, `updated_at`) VALUES
(1, 2, 'Mzigo unawahi mara chache', 'Ns did dbxhdidmbxosndhxidbxhosbx dhdlsnvfisndhdlsndhd\r\n\r\nBzjsksbdsondhxlsndjdlsbxjdkndbd', 3, 1, NULL, '3', NULL, NULL, '2024-02-22 14:42:32', '2024-04-17 05:17:00');

-- --------------------------------------------------------

--
-- Table structure for table `terms`
--

CREATE TABLE `terms` (
  `id` bigint(20) UNSIGNED NOT NULL,
  `user_id` int(11) NOT NULL,
  `agree` int(11) NOT NULL DEFAULT 0,
  `deleted_at` timestamp NULL DEFAULT NULL,
  `created_at` timestamp NULL DEFAULT NULL,
  `updated_at` timestamp NULL DEFAULT NULL
) ENGINE=InnoDB DEFAULT CHARSET=utf8mb4 COLLATE=utf8mb4_unicode_ci;

-- --------------------------------------------------------

--
-- Table structure for table `throttle`
--

CREATE TABLE `throttle` (
  `id` int(10) UNSIGNED NOT NULL,
  `user_id` int(10) UNSIGNED DEFAULT NULL,
  `type` varchar(255) NOT NULL,
  `ip` varchar(255) DEFAULT NULL,
  `created_at` timestamp NULL DEFAULT NULL,
  `updated_at` timestamp NULL DEFAULT NULL
) ENGINE=InnoDB DEFAULT CHARSET=utf8mb4 COLLATE=utf8mb4_unicode_ci;

--
-- Dumping data for table `throttle`
--

INSERT INTO `throttle` (`id`, `user_id`, `type`, `ip`, `created_at`, `updated_at`) VALUES
(1, NULL, 'global', NULL, '2024-02-22 14:29:13', '2024-02-22 14:29:13'),
(2, NULL, 'ip', '79.152.204.37', '2024-02-22 14:29:13', '2024-02-22 14:29:13'),
(3, NULL, 'global', NULL, '2024-06-11 23:18:21', '2024-06-11 23:18:21'),
(4, NULL, 'ip', '41.222.180.55', '2024-06-11 23:18:21', '2024-06-11 23:18:21'),
(5, 3, 'user', NULL, '2024-06-11 23:18:21', '2024-06-11 23:18:21'),
(6, NULL, 'global', NULL, '2024-06-11 23:20:32', '2024-06-11 23:20:32'),
(7, NULL, 'ip', '41.222.180.55', '2024-06-11 23:20:32', '2024-06-11 23:20:32'),
(8, 2, 'user', NULL, '2024-06-11 23:20:32', '2024-06-11 23:20:32'),
(9, NULL, 'global', NULL, '2024-06-11 23:20:49', '2024-06-11 23:20:49'),
(10, NULL, 'ip', '41.222.180.55', '2024-06-11 23:20:49', '2024-06-11 23:20:49'),
(11, 2, 'user', NULL, '2024-06-11 23:20:49', '2024-06-11 23:20:49'),
(12, NULL, 'global', NULL, '2024-06-24 16:33:17', '2024-06-24 16:33:17'),
(13, NULL, 'ip', '102.69.166.132', '2024-06-24 16:33:17', '2024-06-24 16:33:17'),
(14, 7, 'user', NULL, '2024-06-24 16:33:17', '2024-06-24 16:33:17'),
(15, NULL, 'global', NULL, '2024-06-24 16:34:03', '2024-06-24 16:34:03'),
(16, NULL, 'ip', '102.69.166.132', '2024-06-24 16:34:03', '2024-06-24 16:34:03'),
(17, 7, 'user', NULL, '2024-06-24 16:34:03', '2024-06-24 16:34:03'),
(18, NULL, 'global', NULL, '2024-06-24 16:34:39', '2024-06-24 16:34:39'),
(19, NULL, 'ip', '102.69.166.132', '2024-06-24 16:34:39', '2024-06-24 16:34:39'),
(20, 7, 'user', NULL, '2024-06-24 16:34:39', '2024-06-24 16:34:39'),
(21, NULL, 'global', NULL, '2024-08-07 18:53:31', '2024-08-07 18:53:31'),
(22, NULL, 'ip', '139.47.112.179', '2024-08-07 18:53:31', '2024-08-07 18:53:31'),
(23, 10, 'user', NULL, '2024-08-07 18:53:31', '2024-08-07 18:53:31'),
(24, NULL, 'global', NULL, '2024-08-07 18:53:40', '2024-08-07 18:53:40'),
(25, NULL, 'ip', '139.47.112.179', '2024-08-07 18:53:40', '2024-08-07 18:53:40'),
(26, 10, 'user', NULL, '2024-08-07 18:53:40', '2024-08-07 18:53:40'),
(27, NULL, 'global', NULL, '2024-09-22 08:23:19', '2024-09-22 08:23:19'),
(28, NULL, 'ip', '127.0.0.1', '2024-09-22 08:23:19', '2024-09-22 08:23:19'),
(29, 10, 'user', NULL, '2024-09-22 08:23:19', '2024-09-22 08:23:19');

-- --------------------------------------------------------

--
-- Table structure for table `users`
--

CREATE TABLE `users` (
  `id` int(10) UNSIGNED NOT NULL,
  `email` varchar(255) NOT NULL,
  `phone` varchar(255) DEFAULT NULL,
  `password` varchar(255) NOT NULL,
  `permissions` text DEFAULT NULL,
  `last_login` timestamp NULL DEFAULT NULL,
  `reset_code` int(11) DEFAULT 0,
  `reset_status` int(11) DEFAULT 0,
  `createdby` int(11) NOT NULL DEFAULT 0,
  `first_name` varchar(255) DEFAULT NULL,
  `last_name` varchar(255) DEFAULT NULL,
  `region_id` int(11) DEFAULT NULL,
  `gender` varchar(255) DEFAULT NULL,
  `dob` varchar(255) DEFAULT NULL,
  `deleted_at` timestamp NULL DEFAULT NULL,
  `created_at` timestamp NULL DEFAULT NULL,
  `updated_at` timestamp NULL DEFAULT NULL
) ENGINE=InnoDB DEFAULT CHARSET=utf8mb4 COLLATE=utf8mb4_unicode_ci;

--
-- Dumping data for table `users`
--

INSERT INTO `users` (`id`, `email`, `phone`, `password`, `permissions`, `last_login`, `reset_code`, `reset_status`, `createdby`, `first_name`, `last_name`, `region_id`, `gender`, `dob`, `deleted_at`, `created_at`, `updated_at`) VALUES
(1, 'admin@demo.com', '0783923269', '$2y$10$ILv4wtkHPJigGuv30gIsleP2OlweF/32TtRxiAGyF/AF8TmTtDAIS', NULL, '2024-09-21 13:30:37', 0, 0, 0, 'Ramadan', 'Ntila', NULL, 'male', NULL, NULL, '2023-11-27 10:48:07', '2024-09-21 13:30:37'),
(2, 'mkwembe@gmail.com', '0755640633', '$2y$10$ILv4wtkHPJigGuv30gIsleP2OlweF/32TtRxiAGyF/AF8TmTtDAIS', NULL, '2024-06-18 12:25:36', 0, 0, 0, 'Miriam', 'Kwembe', 2, 'female', NULL, NULL, '2024-02-22 14:30:08', '2024-06-18 12:25:36'),
(3, 'biasharamarketing@gmail.com', '255755640633', '$2y$10$TIV9UEF1kBY5X8uZMD3ImOsg8aT2wqKt0eNTfslsJTdcvHZvZ8x9q', NULL, '2024-08-07 18:21:21', 0, 0, 0, 'Asha', 'Rajab', 2, 'male', NULL, NULL, '2024-05-05 06:47:36', '2024-08-07 18:21:21'),
(4, 'husseinwinza@gmail.com', '0658244499', '$2y$10$00spzDb7uARLLcBSytGlzO49pnSLB5ntc3T1c.39PtQtgncm93qY2', NULL, '2024-06-24 16:06:52', 0, 0, 0, 'Hussein', 'Winza', NULL, 'male', NULL, NULL, '2024-05-20 16:07:45', '2024-06-24 16:06:52'),
(6, 'dianehaule06@gmail.com', '0693294141', '$2y$10$dzwmJl3OZ8p9hOUq5k1xKOX5aUQjHFDxatmLnZPSgKxxuki8lQfnS', NULL, NULL, 0, 0, 0, 'Diana', 'Haule', NULL, 'female', NULL, NULL, '2024-06-13 13:05:28', '2024-06-26 14:15:24'),
(7, 'kileobaraka@gmail.com', '0692784521', '$2y$10$D2MejZEouCecwS/0XG6wmeYgcHzMz1jjv/Zw0mKdET.KAQKVAHTtG', NULL, '2024-08-08 18:35:30', 0, 0, 0, 'Baraka', 'Kileo', NULL, 'male', NULL, NULL, '2024-06-24 16:31:11', '2024-08-08 18:35:30'),
(8, 'micky@gmail.com', '0789687909', '$2y$10$chrQ4.67vMWIuKcvuJPy8ekEkqJBaRIL6WxoKE9GQiLcnKLzdpgxG', NULL, '2024-07-29 20:31:50', 0, 0, 0, 'Michael', 'John', 6, 'male', NULL, NULL, '2024-07-29 20:31:49', '2024-07-29 20:31:50'),
(9, 'hello@gmail.com', '0786958475', '$2y$10$0J6Yw9gLBh200OexvfNDv.mEbCabxKgrU12lzshh/iGgfywtIdh3y', NULL, '2024-08-05 12:33:12', 0, 0, 0, 'Hello', 'Jaman', 12, 'male', '1993-06-18', NULL, '2024-08-05 12:33:12', '2024-08-05 12:33:12'),
(10, 'teawithmirry@gmail.com', '0674183107', '$2y$10$ychTw9PYYSQNIiDn1Su10.vlcOUHb3jFQL1lem7iSrBXETEZM7xDy', NULL, '2024-09-22 08:23:30', 75879, 0, 0, 'Miriam', 'Kwembe', 2, 'female', NULL, NULL, '2024-08-07 18:44:13', '2024-09-22 08:23:30'),
(12, 'afroglam2022@gmail.com', '0623007304', '$2y$10$Rt0vNy08u2QsvR97K5gzpOoW.dPJ7i1APYI6xL1Y1KohZ1eysnN0q', NULL, '2024-08-09 23:26:21', 0, 0, 0, 'Miriam', 'Kwembe', 2, 'female', '0001-08-08', NULL, '2024-08-07 19:01:18', '2024-08-09 23:26:21'),
(14, 'tanzaniaproductreviews@gmail.com', '255755640633', '$2y$10$s0YIE3nELzwB0iEQ0KgiEOlsuj000DllcknHRUqzW9RwKpokt9jwa', NULL, NULL, 0, 0, 0, 'Miriam', 'Kwembe', NULL, 'male', NULL, NULL, '2024-08-16 21:32:41', '2024-08-16 21:36:23'),
(15, 'test@gmail.com', '0783923260', '$2y$10$a9DznNaWRta.vu8NLpRgXOf6P7I551kK2xGhsI/jxd6SFrcWZYqpq', NULL, NULL, 0, 0, 0, 'Test', 'Test', NULL, NULL, NULL, NULL, '2024-08-17 12:32:43', '2024-08-17 12:32:43'),
(16, 'john.doe@example.co', '0783923289', '$2y$10$II5KN7z9z64r58jYad4n4.z5TR.pdGN48zZ8YdICxEi.e7hwREgeq', NULL, NULL, 0, 0, 0, 'Test', 'Ernest', NULL, NULL, NULL, NULL, '2024-08-17 12:33:24', '2024-08-17 12:33:24'),
(17, 'ernest@gmail.com', '0784567867', '$2y$10$dTRmvQirPq68p3DIu6LhmO3VuZO5PTJHyuD4qjtQfIvkWRR6JDPDa', NULL, NULL, 0, 0, 0, 'Emmanuel', 'Miriam', NULL, NULL, NULL, NULL, '2024-08-17 12:34:01', '2024-08-17 12:34:01');

--
-- Indexes for dumped tables
--

--
-- Indexes for table `activations`
--
ALTER TABLE `activations`
  ADD PRIMARY KEY (`id`);

--
-- Indexes for table `businesses`
--
ALTER TABLE `businesses`
  ADD PRIMARY KEY (`id`),
  ADD KEY `businesses_category_id_foreign` (`category_id`),
  ADD KEY `businesses_country_id_foreign` (`country_id`),
  ADD KEY `businesses_user_id_foreign` (`user_id`);

--
-- Indexes for table `business_reviews`
--
ALTER TABLE `business_reviews`
  ADD PRIMARY KEY (`id`),
  ADD KEY `business_reviews_business_id_foreign` (`business_id`),
  ADD KEY `business_reviews_user_id_foreign` (`user_id`);

--
-- Indexes for table `categories`
--
ALTER TABLE `categories`
  ADD PRIMARY KEY (`id`);

--
-- Indexes for table `countries`
--
ALTER TABLE `countries`
  ADD PRIMARY KEY (`id`);

--
-- Indexes for table `failed_jobs`
--
ALTER TABLE `failed_jobs`
  ADD PRIMARY KEY (`id`),
  ADD UNIQUE KEY `failed_jobs_uuid_unique` (`uuid`);

--
-- Indexes for table `migrations`
--
ALTER TABLE `migrations`
  ADD PRIMARY KEY (`id`);

--
-- Indexes for table `password_reset_tokens`
--
ALTER TABLE `password_reset_tokens`
  ADD PRIMARY KEY (`email`);

--
-- Indexes for table `permissions`
--
ALTER TABLE `permissions`
  ADD PRIMARY KEY (`id`);

--
-- Indexes for table `persistences`
--
ALTER TABLE `persistences`
  ADD PRIMARY KEY (`id`),
  ADD UNIQUE KEY `persistences_code_unique` (`code`);

--
-- Indexes for table `personal_access_tokens`
--
ALTER TABLE `personal_access_tokens`
  ADD PRIMARY KEY (`id`),
  ADD UNIQUE KEY `personal_access_tokens_token_unique` (`token`),
  ADD KEY `personal_access_tokens_tokenable_type_tokenable_id_index` (`tokenable_type`,`tokenable_id`);

--
-- Indexes for table `products`
--
ALTER TABLE `products`
  ADD PRIMARY KEY (`id`),
  ADD KEY `products_business_id_foreign` (`business_id`),
  ADD KEY `products_user_id_foreign` (`user_id`);

--
-- Indexes for table `product_reviews`
--
ALTER TABLE `product_reviews`
  ADD PRIMARY KEY (`id`),
  ADD KEY `product_reviews_user_id_foreign` (`user_id`),
  ADD KEY `product_reviews_product_id_foreign` (`product_id`);

--
-- Indexes for table `ratings`
--
ALTER TABLE `ratings`
  ADD PRIMARY KEY (`id`),
  ADD KEY `ratings_business_id_foreign` (`business_id`);

--
-- Indexes for table `regions`
--
ALTER TABLE `regions`
  ADD PRIMARY KEY (`id`);

--
-- Indexes for table `reminders`
--
ALTER TABLE `reminders`
  ADD PRIMARY KEY (`id`);

--
-- Indexes for table `roles`
--
ALTER TABLE `roles`
  ADD PRIMARY KEY (`id`),
  ADD UNIQUE KEY `roles_slug_unique` (`slug`);

--
-- Indexes for table `role_users`
--
ALTER TABLE `role_users`
  ADD PRIMARY KEY (`user_id`,`role_id`);

--
-- Indexes for table `services`
--
ALTER TABLE `services`
  ADD PRIMARY KEY (`id`),
  ADD KEY `services_business_id_foreign` (`business_id`),
  ADD KEY `services_user_id_foreign` (`user_id`);

--
-- Indexes for table `service_reviews`
--
ALTER TABLE `service_reviews`
  ADD PRIMARY KEY (`id`),
  ADD KEY `service_reviews_user_id_foreign` (`user_id`),
  ADD KEY `service_reviews_service_id_foreign` (`service_id`);

--
-- Indexes for table `terms`
--
ALTER TABLE `terms`
  ADD PRIMARY KEY (`id`);

--
-- Indexes for table `throttle`
--
ALTER TABLE `throttle`
  ADD PRIMARY KEY (`id`),
  ADD KEY `throttle_user_id_index` (`user_id`);

--
-- Indexes for table `users`
--
ALTER TABLE `users`
  ADD PRIMARY KEY (`id`),
  ADD UNIQUE KEY `users_email_unique` (`email`);

--
-- AUTO_INCREMENT for dumped tables
--

--
-- AUTO_INCREMENT for table `activations`
--
ALTER TABLE `activations`
  MODIFY `id` int(10) UNSIGNED NOT NULL AUTO_INCREMENT, AUTO_INCREMENT=15;

--
-- AUTO_INCREMENT for table `businesses`
--
ALTER TABLE `businesses`
  MODIFY `id` int(10) UNSIGNED NOT NULL AUTO_INCREMENT, AUTO_INCREMENT=216;

--
-- AUTO_INCREMENT for table `business_reviews`
--
ALTER TABLE `business_reviews`
  MODIFY `id` bigint(20) UNSIGNED NOT NULL AUTO_INCREMENT, AUTO_INCREMENT=14;

--
-- AUTO_INCREMENT for table `categories`
--
ALTER TABLE `categories`
  MODIFY `id` bigint(20) UNSIGNED NOT NULL AUTO_INCREMENT, AUTO_INCREMENT=32;

--
-- AUTO_INCREMENT for table `countries`
--
ALTER TABLE `countries`
  MODIFY `id` bigint(20) UNSIGNED NOT NULL AUTO_INCREMENT, AUTO_INCREMENT=247;

--
-- AUTO_INCREMENT for table `failed_jobs`
--
ALTER TABLE `failed_jobs`
  MODIFY `id` bigint(20) UNSIGNED NOT NULL AUTO_INCREMENT;

--
-- AUTO_INCREMENT for table `migrations`
--
ALTER TABLE `migrations`
  MODIFY `id` int(10) UNSIGNED NOT NULL AUTO_INCREMENT, AUTO_INCREMENT=17;

--
-- AUTO_INCREMENT for table `permissions`
--
ALTER TABLE `permissions`
  MODIFY `id` bigint(20) UNSIGNED NOT NULL AUTO_INCREMENT, AUTO_INCREMENT=61;

--
-- AUTO_INCREMENT for table `persistences`
--
ALTER TABLE `persistences`
  MODIFY `id` int(10) UNSIGNED NOT NULL AUTO_INCREMENT, AUTO_INCREMENT=96;

--
-- AUTO_INCREMENT for table `personal_access_tokens`
--
ALTER TABLE `personal_access_tokens`
  MODIFY `id` bigint(20) UNSIGNED NOT NULL AUTO_INCREMENT;

--
-- AUTO_INCREMENT for table `products`
--
ALTER TABLE `products`
  MODIFY `id` bigint(20) UNSIGNED NOT NULL AUTO_INCREMENT, AUTO_INCREMENT=16;

--
-- AUTO_INCREMENT for table `product_reviews`
--
ALTER TABLE `product_reviews`
  MODIFY `id` bigint(20) UNSIGNED NOT NULL AUTO_INCREMENT, AUTO_INCREMENT=3;

--
-- AUTO_INCREMENT for table `ratings`
--
ALTER TABLE `ratings`
  MODIFY `id` bigint(20) UNSIGNED NOT NULL AUTO_INCREMENT;

--
-- AUTO_INCREMENT for table `regions`
--
ALTER TABLE `regions`
  MODIFY `id` bigint(20) UNSIGNED NOT NULL AUTO_INCREMENT, AUTO_INCREMENT=31;

--
-- AUTO_INCREMENT for table `reminders`
--
ALTER TABLE `reminders`
  MODIFY `id` int(10) UNSIGNED NOT NULL AUTO_INCREMENT;

--
-- AUTO_INCREMENT for table `roles`
--
ALTER TABLE `roles`
  MODIFY `id` int(10) UNSIGNED NOT NULL AUTO_INCREMENT, AUTO_INCREMENT=4;

--
-- AUTO_INCREMENT for table `services`
--
ALTER TABLE `services`
  MODIFY `id` bigint(20) UNSIGNED NOT NULL AUTO_INCREMENT, AUTO_INCREMENT=21;

--
-- AUTO_INCREMENT for table `service_reviews`
--
ALTER TABLE `service_reviews`
  MODIFY `id` bigint(20) UNSIGNED NOT NULL AUTO_INCREMENT, AUTO_INCREMENT=2;

--
-- AUTO_INCREMENT for table `terms`
--
ALTER TABLE `terms`
  MODIFY `id` bigint(20) UNSIGNED NOT NULL AUTO_INCREMENT;

--
-- AUTO_INCREMENT for table `throttle`
--
ALTER TABLE `throttle`
  MODIFY `id` int(10) UNSIGNED NOT NULL AUTO_INCREMENT, AUTO_INCREMENT=30;

--
-- AUTO_INCREMENT for table `users`
--
ALTER TABLE `users`
  MODIFY `id` int(10) UNSIGNED NOT NULL AUTO_INCREMENT, AUTO_INCREMENT=18;

--
-- Constraints for dumped tables
--

--
-- Constraints for table `businesses`
--
ALTER TABLE `businesses`
  ADD CONSTRAINT `businesses_category_id_foreign` FOREIGN KEY (`category_id`) REFERENCES `categories` (`id`) ON UPDATE CASCADE,
  ADD CONSTRAINT `businesses_country_id_foreign` FOREIGN KEY (`country_id`) REFERENCES `countries` (`id`) ON UPDATE CASCADE,
  ADD CONSTRAINT `businesses_user_id_foreign` FOREIGN KEY (`user_id`) REFERENCES `users` (`id`) ON UPDATE CASCADE;

--
-- Constraints for table `business_reviews`
--
ALTER TABLE `business_reviews`
  ADD CONSTRAINT `business_reviews_business_id_foreign` FOREIGN KEY (`business_id`) REFERENCES `businesses` (`id`) ON UPDATE CASCADE,
  ADD CONSTRAINT `business_reviews_user_id_foreign` FOREIGN KEY (`user_id`) REFERENCES `users` (`id`) ON UPDATE CASCADE;

--
-- Constraints for table `products`
--
ALTER TABLE `products`
  ADD CONSTRAINT `products_business_id_foreign` FOREIGN KEY (`business_id`) REFERENCES `businesses` (`id`) ON UPDATE CASCADE,
  ADD CONSTRAINT `products_user_id_foreign` FOREIGN KEY (`user_id`) REFERENCES `users` (`id`) ON UPDATE CASCADE;

--
-- Constraints for table `product_reviews`
--
ALTER TABLE `product_reviews`
  ADD CONSTRAINT `product_reviews_product_id_foreign` FOREIGN KEY (`product_id`) REFERENCES `products` (`id`) ON DELETE SET NULL,
  ADD CONSTRAINT `product_reviews_user_id_foreign` FOREIGN KEY (`user_id`) REFERENCES `users` (`id`) ON DELETE CASCADE;

--
-- Constraints for table `ratings`
--
ALTER TABLE `ratings`
  ADD CONSTRAINT `ratings_business_id_foreign` FOREIGN KEY (`business_id`) REFERENCES `businesses` (`id`) ON UPDATE CASCADE;

--
-- Constraints for table `services`
--
ALTER TABLE `services`
  ADD CONSTRAINT `services_business_id_foreign` FOREIGN KEY (`business_id`) REFERENCES `businesses` (`id`) ON UPDATE CASCADE,
  ADD CONSTRAINT `services_user_id_foreign` FOREIGN KEY (`user_id`) REFERENCES `users` (`id`) ON UPDATE CASCADE;

--
-- Constraints for table `service_reviews`
--
ALTER TABLE `service_reviews`
  ADD CONSTRAINT `service_reviews_service_id_foreign` FOREIGN KEY (`service_id`) REFERENCES `services` (`id`) ON DELETE SET NULL,
  ADD CONSTRAINT `service_reviews_user_id_foreign` FOREIGN KEY (`user_id`) REFERENCES `users` (`id`) ON DELETE CASCADE;
COMMIT;

/*!40101 SET CHARACTER_SET_CLIENT=@OLD_CHARACTER_SET_CLIENT */;
/*!40101 SET CHARACTER_SET_RESULTS=@OLD_CHARACTER_SET_RESULTS */;
/*!40101 SET COLLATION_CONNECTION=@OLD_COLLATION_CONNECTION */;
